Index,Date,BRK-B,DECK,FLUT,GOLD,GOOG,KB,MU,NKE,NTR,PDS,TGT
1,2023-12-11,357.05999755859375,116.30999755859375,166.00999450683594,16.670000076293945,134.6999969482422,38.900001525878906,77.79000091552734,118.61000061035156,54.58000183105469,51.52000045776367,136.75999450683594
2,2023-12-12,360.0199890136719,117.62666320800781,164.75,16.34000015258789,133.63999938964844,39.459999084472656,78.16000366210938,119.63999938964844,52.61000061035156,49.72999954223633,135.66000366210938
3,2023-12-13,362.0299987792969,119.87833404541016,165.0500030517578,17.43000030517578,133.97000122070312,40.119998931884766,79.79000091552734,121.16999816894531,55.2599983215332,52.31999969482422,138.3800048828125
4,2023-12-14,358.1199951171875,116.3066635131836,168.5469970703125,17.649999618530273,133.1999969482422,40.33000183105469,82.19000244140625,121.0199966430664,55.459999084472656,54.65999984741211,141.13999938964844
5,2023-12-15,356.5,117.13500213623047,170.0,17.510000228881836,133.83999633789062,40.08000183105469,81.41000366210938,121.55000305175781,54.88999938964844,53.79999923706055,138.3699951171875
6,2023-12-18,359.6499938964844,117.78666687011719,169.25,17.729999542236328,137.19000244140625,39.9900016784668,81.55999755859375,121.13999938964844,54.939998626708984,53.790000915527344,137.72000122070312
7,2023-12-19,361.79998779296875,119.15499877929688,177.0050048828125,18.09000015258789,138.10000610351562,40.16999816894531,82.16999816894531,122.63999938964844,56.970001220703125,54.52000045776367,139.5800018310547
8,2023-12-20,355.3500061035156,116.79833221435547,179.38600158691406,17.770000457763672,139.66000366210938,40.099998474121094,78.69000244140625,121.43000030517578,55.47999954223633,53.900001525878906,136.89999389648438
9,2023-12-21,356.1400146484375,117.3550033569336,179.0,17.969999313354492,141.8000030517578,40.20000076293945,85.4800033569336,122.52999877929688,56.68000030517578,54.0,139.3699951171875
10,2023-12-22,356.4700012207031,115.61499786376953,177.78500366210938,18.15999984741211,142.72000122070312,40.54999923706055,86.48999786376953,108.04000091552734,57.06999969482422,53.9900016784668,140.1999969482422
11,2023-12-26,356.8299865722656,114.663330078125,180.0,18.170000076293945,142.82000732421875,40.630001068115234,87.05999755859375,108.0199966430664,57.369998931884766,55.209999084472656,141.02999877929688
12,2023-12-27,356.95001220703125,114.62666320800781,179.25,18.469999313354492,141.44000244140625,40.4900016784668,86.66000366210938,107.12999725341797,57.4900016784668,54.59000015258789,142.3800048828125
13,2023-12-28,357.57000732421875,112.586669921875,174.9600067138672,18.09000015258789,141.27999877929688,41.900001525878906,86.0,108.81999969482422,56.540000915527344,54.310001373291016,142.5399932861328
14,2023-12-29,356.6600036621094,111.40499877929688,179.0,18.09000015258789,140.92999267578125,41.369998931884766,85.33999633789062,108.56999969482422,56.33000183105469,54.290000915527344,142.4199981689453
15,2024-01-02,362.4599914550781,112.33000183105469,174.27999877929688,17.8799991607666,139.55999755859375,40.689998626708984,82.33999633789062,106.55000305175781,57.029998779296875,52.400001525878906,143.10000610351562
16,2024-01-03,366.75,113.0566635131836,169.25,17.329999923706055,140.36000061035156,40.18000030517578,82.26000213623047,104.04000091552734,56.810001373291016,52.93000030517578,138.6699981689453
17,2024-01-04,363.67999267578125,112.03666687011719,170.74000549316406,17.350000381469727,138.0399932861328,39.40999984741211,82.70999908447266,102.30000305175781,55.790000915527344,52.02000045776367,140.25
18,2024-01-05,365.5899963378906,108.71499633789062,167.0500030517578,17.489999771118164,137.38999938964844,39.2599983215332,83.44999694824219,102.08000183105469,56.18000030517578,54.81999969482422,140.75
19,2024-01-08,368.17999267578125,114.12333679199219,171.2899932861328,17.690000534057617,140.52999877929688,39.68000030517578,84.94999694824219,103.62000274658203,55.7400016784668,53.58000183105469,141.72999572753906
20,2024-01-09,366.8999938964844,116.15333557128906,168.16299438476562,17.399999618530273,142.55999755859375,38.58000183105469,83.33000183105469,102.73999786376953,53.25,52.599998474121094,143.77000427246094
21,2024-01-10,367.9200134277344,115.98500061035156,162.84500122070312,17.34000015258789,143.8000030517578,38.779998779296875,82.37999725341797,103.7699966430664,53.290000915527344,53.63999938964844,144.08999633789062
22,2024-01-11,363.3399963378906,117.28333282470703,158.427001953125,17.149999618530273,143.6699981689453,38.79999923706055,83.38999938964844,105.9000015258789,52.880001068115234,54.70000076293945,142.02000427246094
23,2024-01-12,363.6199951171875,117.77999877929688,158.63400268554688,17.639999389648438,144.24000549316406,38.540000915527344,82.38999938964844,105.05999755859375,51.22999954223633,54.93000030517578,140.91000366210938
24,2024-01-16,361.1000061035156,120.29666900634766,166.75,15.960000038146973,144.0800018310547,37.7400016784668,84.61000061035156,101.72000122070312,49.439998626708984,54.45000076293945,141.07000732421875
25,2024-01-17,359.2900085449219,120.74833679199219,164.75,15.5600004196167,142.88999938964844,36.79999923706055,83.27999877929688,100.81999969482422,48.91999816894531,53.20000076293945,138.74000549316406
26,2024-01-18,362.3800048828125,122.78500366210938,192.4250030517578,15.529999732971191,144.99000549316406,36.93000030517578,84.81999969482422,100.94000244140625,49.9900016784668,53.66999816894531,137.39999389648438
27,2024-01-19,366.989990234375,124.875,199.5850067138672,15.609999656677246,147.97000122070312,37.5099983215332,87.51000213623047,101.77999877929688,51.45000076293945,55.61000061035156,138.13999938964844
28,2024-01-22,368.05999755859375,127.94999694824219,198.24000549316406,15.59000015258789,147.7100067138672,36.959999084472656,89.23999786376953,100.55999755859375,51.04999923706055,57.59000015258789,140.36000061035156
29,2024-01-23,372.1400146484375,125.69166564941406,198.0,15.989999771118164,148.67999267578125,38.18000030517578,87.52999877929688,101.9000015258789,51.47999954223633,58.09000015258789,140.8800048828125
30,2024-01-24,376.5899963378906,125.10333251953125,203.0,15.529999732971191,150.35000610351562,39.119998931884766,88.08000183105469,100.76000213623047,51.15999984741211,60.790000915527344,139.1999969482422
31,2024-01-25,380.8500061035156,126.83499908447266,201.00999450683594,15.59000015258789,153.63999938964844,39.54999923706055,89.19999694824219,100.7699966430664,50.52000045776367,60.59000015258789,142.17999267578125
32,2024-01-26,385.3999938964844,127.96499633789062,205.0,15.529999732971191,153.7899932861328,40.33000183105469,88.05000305175781,102.75,50.86000061035156,61.34000015258789,142.52999877929688
33,2024-01-29,383.17999267578125,129.1266632080078,205.5,15.699999809265137,154.83999633789062,41.16999816894531,89.06999969482422,103.87999725341797,51.18000030517578,61.060001373291016,141.52000427246094
34,2024-01-30,387.1499938964844,128.92333984375,206.75,15.680000305175781,153.0500030517578,41.97999954223633,86.16000366210938,104.18000030517578,51.119998931884766,63.20000076293945,140.52000427246094
35,2024-01-31,383.739990234375,125.62166595458984,207.63999938964844,15.600000381469727,141.8000030517578,42.27000045776367,85.75,101.52999877929688,49.869998931884766,61.880001068115234,139.0800018310547
36,2024-02-01,386.44000244140625,128.80833435058594,209.5,15.890000343322754,142.7100067138672,46.380001068115234,85.61000061035156,101.76000213623047,51.9900016784668,60.709999084472656,144.4199981689453
37,2024-02-02,390.75,147.00999450683594,216.5,15.40999984741211,143.5399932861328,49.52000045776367,86.4800033569336,100.70999908447266,50.9900016784668,59.560001373291016,145.49000549316406
38,2024-02-05,390.760009765625,141.90167236328125,212.0,15.170000076293945,144.92999267578125,47.29999923706055,86.9800033569336,99.68000030517578,50.119998931884766,58.959999084472656,142.3300018310547
39,2024-02-06,393.739990234375,137.55833435058594,209.27000427246094,15.029999732971191,145.41000366210938,47.279998779296875,84.5999984741211,102.61000061035156,50.40999984741211,62.33000183105469,144.42999267578125
40,2024-02-07,397.6600036621094,138.88833618164062,207.27000427246094,14.930000305175781,146.67999267578125,49.33000183105469,85.16999816894531,103.79000091552734,49.68000030517578,61.65999984741211,146.72999572753906
41,2024-02-08,397.489990234375,138.73666381835938,209.6999969482422,14.819999694824219,147.22000122070312,50.540000915527344,84.87999725341797,103.7699966430664,49.04999923706055,63.939998626708984,147.39999389648438
42,2024-02-09,398.3599853515625,140.8699951171875,216.85000610351562,14.670000076293945,150.22000122070312,51.31999969482422,85.55999755859375,104.5,49.11000061035156,63.91999816894531,146.52999877929688
43,2024-02-12,397.7099914550781,140.77833557128906,213.4499969482422,14.729999542236328,148.72999572753906,51.70000076293945,85.69999694824219,107.18000030517578,50.060001373291016,64.26000213623047,149.39999389648438
44,2024-02-13,394.79998779296875,139.44500732421875,204.0500030517578,14.149999618530273,146.3699951171875,50.61000061035156,81.52999877929688,105.0,48.810001373291016,61.150001525878906,146.11000061035156
45,2024-02-14,398.67999267578125,141.35000610351562,208.10000610351562,14.0600004196167,147.13999938964844,50.02000045776367,81.83000183105469,106.33000183105469,48.849998474121094,60.279998779296875,145.02999877929688
46,2024-02-15,403.45001220703125,145.12832641601562,214.3000030517578,14.600000381469727,143.94000244140625,49.34000015258789,81.62999725341797,106.05000305175781,50.400001525878906,62.68000030517578,146.3300018310547
47,2024-02-16,405.989990234375,143.8300018310547,213.38999938964844,14.649999618530273,141.75999450683594,50.54999923706055,79.5,103.51000213623047,51.119998931884766,63.060001373291016,149.61000061035156
48,2024-02-20,407.1499938964844,143.44667053222656,206.5,14.729999542236328,142.1999969482422,49.72999954223633,80.70999908447266,103.30000305175781,50.56999969482422,59.790000915527344,149.88999938964844
49,2024-02-21,409.25,143.61000061035156,205.42999267578125,14.75,143.83999633789062,49.029998779296875,81.48999786376953,105.2699966430664,50.439998626708984,60.38999938964844,148.7899932861328
50,2024-02-22,415.1600036621094,147.3433380126953,210.97999572753906,14.390000343322754,145.32000732421875,48.75,85.91000366210938,105.08000183105469,54.150001525878906,60.70000076293945,150.33999633789062
51,2024-02-23,417.2200012207031,146.74667358398438,211.97999572753906,14.739999771118164,145.2899932861328,49.29999923706055,86.0,105.62999725341797,53.2400016784668,59.939998626708984,151.47999572753906
52,2024-02-26,409.1400146484375,144.9116668701172,210.89999389648438,14.649999618530273,138.75,46.540000915527344,89.45999908447266,104.54000091552734,53.56999969482422,59.93000030517578,150.14999389648438
53,2024-02-27,408.9100036621094,145.23333740234375,216.5,14.510000228881836,140.10000610351562,46.369998931884766,91.8499984741211,105.1500015258789,53.18000030517578,60.38999938964844,151.99000549316406
54,2024-02-28,412.1400146484375,147.07000732421875,215.14999389648438,14.329999923706055,137.42999267578125,46.7599983215332,89.70999908447266,104.3499984741211,52.7599983215332,59.27000045776367,151.44000244140625
55,2024-02-29,409.3999938964844,149.26499938964844,217.86000061035156,14.65999984741211,139.77999877929688,47.349998474121094,90.61000061035156,103.93000030517578,52.2400016784668,59.4900016784668,152.9199981689453
56,2024-03-01,407.1099853515625,150.54833984375,216.0,14.9399995803833,138.0800018310547,47.45000076293945,95.1500015258789,101.87999725341797,52.2400016784668,61.779998779296875,155.2899932861328
57,2024-03-04,403.3900146484375,154.42999267578125,214.63999938964844,15.460000038146973,134.1999969482422,51.56999969482422,95.7699966430664,99.54000091552734,50.959999084472656,60.970001220703125,150.49000549316406
58,2024-03-05,400.739990234375,151.14332580566406,213.99000549316406,15.529999732971191,133.77999877929688,51.7599983215332,94.47000122070312,98.30999755859375,50.88999938964844,61.189998626708984,168.5800018310547
59,2024-03-06,403.9599914550781,151.9983367919922,220.1199951171875,15.710000038146973,132.55999755859375,51.68000030517578,95.55999755859375,97.62999725341797,52.459999084472656,62.33000183105469,173.5399932861328
60,2024-03-07,402.3900146484375,152.14500427246094,221.32000732421875,15.899999618530273,135.24000549316406,53.5,98.9800033569336,98.19000244140625,53.7599983215332,63.22999954223633,171.5399932861328
61,2024-03-08,403.1499938964844,152.03334045410156,218.0,15.760000228881836,136.2899932861328,53.08000183105469,97.62000274658203,99.16000366210938,52.900001525878906,62.22999954223633,169.72000122070312
62,2024-03-11,404.760009765625,150.27667236328125,218.5,15.869999885559082,138.94000244140625,52.529998779296875,94.51000213623047,101.08000183105469,53.22999954223633,62.380001068115234,168.07000732421875
63,2024-03-12,404.9800109863281,152.50833129882812,221.3000030517578,15.640000343322754,139.6199951171875,54.29999923706055,97.41999816894531,100.18000030517578,52.97999954223633,61.40999984741211,167.57000732421875
64,2024-03-13,408.1300048828125,154.61000061035156,225.6300048828125,15.979999542236328,140.77000427246094,58.09000015258789,94.16000366210938,101.36000061035156,53.68000030517578,62.279998779296875,166.6699981689453
65,2024-03-14,406.7300109863281,155.50833129882812,222.88999938964844,15.760000228881836,144.33999633789062,57.619998931884766,91.43000030517578,100.26000213623047,53.09000015258789,63.709999084472656,164.30999755859375
66,2024-03-15,408.1300048828125,151.63333129882812,216.07000732421875,15.760000228881836,142.1699981689453,56.880001068115234,93.25,99.63999938964844,53.7599983215332,64.20999908447266,164.22000122070312
67,2024-03-18,408.4100036621094,151.47666931152344,214.4499969482422,15.630000114440918,148.47999572753906,55.43000030517578,93.77999877929688,98.73999786376953,53.810001373291016,65.04000091552734,167.58999633789062
68,2024-03-19,411.760009765625,151.47666931152344,215.6999969482422,15.25,147.9199981689453,54.349998474121094,94.0,99.95999908447266,53.06999969482422,66.02999877929688,168.2100067138672
69,2024-03-20,416.1099853515625,152.52999877929688,217.25,15.680000305175781,149.67999267578125,55.84000015258789,96.25,100.2699966430664,53.650001525878906,67.18000030517578,170.4600067138672
70,2024-03-21,413.7799987792969,158.82333374023438,218.0399932861328,15.8100004196167,148.74000549316406,56.95000076293945,109.8499984741211,100.81999969482422,53.619998931884766,65.9800033569336,170.1699981689453
71,2024-03-22,411.6000061035156,153.74000549316406,218.8699951171875,15.520000457763672,151.77000427246094,55.540000915527344,110.20999908447266,93.86000061035156,52.22999954223633,64.91000366210938,168.6300048828125
72,2024-03-25,409.9200134277344,155.43167114257812,217.0,15.569999694824219,151.14999389648438,54.41999816894531,117.12999725341797,93.75,52.54999923706055,66.58000183105469,172.66000366210938
73,2024-03-26,411.57000732421875,156.24166870117188,214.83999633789062,15.520000457763672,151.6999969482422,53.79999923706055,118.80000305175781,92.58000183105469,53.060001373291016,65.94999694824219,172.63999938964844
74,2024-03-27,416.92999267578125,156.31666564941406,202.2899932861328,16.209999084472656,151.94000244140625,51.459999084472656,119.25,94.12999725341797,53.630001068115234,66.93000030517578,174.6699981689453
75,2024-03-28,420.5199890136719,156.8766632080078,197.49000549316406,16.639999389648438,152.25999450683594,52.06999969482422,117.88999938964844,93.9800033569336,54.310001373291016,67.29000091552734,177.2100067138672
76,2024-04-01,420.20001220703125,155.0833282470703,196.3699951171875,16.860000610351562,156.5,50.720001220703125,124.30000305175781,92.55999755859375,54.86000061035156,67.72000122070312,177.82000732421875
77,2024-04-02,418.9200134277344,150.5500030517578,191.97000122070312,17.18000030517578,155.8699951171875,50.58000183105469,122.75,90.94999694824219,54.599998474121094,70.69000244140625,176.24000549316406
78,2024-04-03,420.239990234375,150.1199951171875,199.17999267578125,17.420000076293945,156.3699951171875,50.54999923706055,128.00999450683594,90.33000183105469,56.189998626708984,76.01000213623047,175.49000549316406
79,2024-04-04,415.32000732421875,146.30332946777344,200.99000549316406,17.389999389648438,151.94000244140625,50.95000076293945,124.08999633789062,89.06999969482422,56.189998626708984,75.12999725341797,172.22000122070312
80,2024-04-05,418.6199951171875,146.64833068847656,201.3000030517578,17.860000610351562,153.94000244140625,51.15999984741211,123.58000183105469,88.83999633789062,56.7599983215332,76.01000213623047,171.77000427246094
81,2024-04-08,415.9700012207031,148.13999938964844,192.64999389648438,17.700000762939453,156.13999938964844,51.470001220703125,122.94999694824219,90.0,55.72999954223633,76.5199966430664,169.6999969482422
82,2024-04-09,414.69000244140625,144.63499450683594,199.1699981689453,18.010000228881836,158.13999938964844,51.130001068115234,122.62999725341797,91.0,56.2400016784668,75.5199966430664,171.6300048828125
83,2024-04-10,409.1099853515625,135.02166748046875,195.47000122070312,17.899999618530273,157.66000366210938,49.0099983215332,122.19999694824219,89.0,55.47999954223633,75.37000274658203,171.6199951171875
84,2024-04-11,407.6099853515625,136.65499877929688,191.77000427246094,18.040000915527344,160.7899932861328,49.650001525878906,127.51000213623047,92.0,54.59000015258789,73.12999725341797,171.3300018310547
85,2024-04-12,403.260009765625,135.72833251953125,186.41000366210938,17.860000610351562,159.19000244140625,47.16999816894531,122.5199966430664,92.0,52.91999816894531,70.66000366210938,166.1199951171875
86,2024-04-15,400.260009765625,135.89666748046875,184.00999450683594,17.3700008392334,156.3300018310547,47.130001068115234,121.37000274658203,93.0999984741211,52.36000061035156,68.94999694824219,165.00999450683594
87,2024-04-16,396.9200134277344,135.64833068847656,184.3300018310547,16.479999542236328,156.0,46.15999984741211,121.7699966430664,93.38999938964844,51.66999816894531,68.26000213623047,163.32000732421875
88,2024-04-17,397.739990234375,136.53334045410156,181.3000030517578,16.700000762939453,156.8800048828125,45.689998626708984,116.33000183105469,94.83999633789062,51.810001373291016,68.2300033569336,164.47000122070312
89,2024-04-18,399.8900146484375,135.5500030517578,183.5399932861328,16.979999542236328,157.4600067138672,45.880001068115234,111.93000030517578,95.73999786376953,52.650001525878906,67.38999938964844,166.5800018310547
90,2024-04-19,405.0799865722656,133.39666748046875,183.5500030517578,17.100000381469727,155.72000122070312,46.2400016784668,106.7699966430664,94.52999877929688,52.779998779296875,66.81999969482422,168.3000030517578
91,2024-04-22,408.7799987792969,135.0366668701172,184.86000061035156,16.420000076293945,157.9499969482422,49.90999984741211,109.12000274658203,94.19000244140625,52.29999923706055,65.83000183105469,167.11000061035156
92,2024-04-23,408.739990234375,138.2383270263672,189.88999938964844,16.690000534057617,159.9199981689453,50.83000183105469,112.45999908447266,94.0199966430664,52.27000045776367,68.44000244140625,166.50999450683594
93,2024-04-24,405.95001220703125,141.95166015625,186.38999938964844,16.520000457763672,161.10000610351562,49.66999816894531,111.77999877929688,94.63999938964844,52.290000915527344,67.87000274658203,165.33999633789062
94,2024-04-25,404.9100036621094,134.4166717529297,187.3300018310547,17.079999923706055,157.9499969482422,50.150001525878906,111.58000183105469,93.94000244140625,52.04999923706055,68.77999877929688,164.44000244140625
95,2024-04-26,402.1000061035156,138.91000366210938,185.47000122070312,17.09000015258789,173.69000244140625,54.65999984741211,114.83999633789062,94.12000274658203,52.54999923706055,72.30000305175781,164.74000549316406
96,2024-04-29,400.9599914550781,138.7383270263672,187.4199981689453,17.31999969482422,167.89999389648438,54.90999984741211,114.36000061035156,94.05999755859375,54.08000183105469,73.37999725341797,163.72999572753906
97,2024-04-30,396.7300109863281,136.4116668701172,186.25999450683594,16.639999389648438,164.63999938964844,53.970001220703125,112.95999908447266,92.26000213623047,52.77000045776367,70.18000030517578,160.97999572753906
98,2024-05-01,398.5799865722656,136.5800018310547,189.75999450683594,16.360000610351562,165.57000732421875,53.68000030517578,109.69999694824219,90.33999633789062,52.470001220703125,68.86000061035156,156.42999267578125
99,2024-05-02,400.6000061035156,138.77166748046875,191.5800018310547,16.549999237060547,168.4600067138672,52.68000030517578,112.33000183105469,92.41000366210938,52.619998931884766,69.91999816894531,158.1199951171875
100,2024-05-03,400.8699951171875,140.38999938964844,196.3800048828125,16.459999084472656,168.99000549316406,54.11000061035156,114.69999694824219,92.1500015258789,52.93000030517578,71.12000274658203,158.0399932861328
101,2024-05-06,404.9200134277344,143.64166259765625,202.89999389648438,16.670000076293945,169.8300018310547,54.77000045776367,120.12999725341797,93.36000061035156,54.0099983215332,72.37999725341797,158.35000610351562
102,2024-05-07,406.1400146484375,143.72999572753906,202.88999938964844,16.739999771118164,172.97999572753906,53.709999084472656,119.20999908447266,93.77999877929688,55.2599983215332,72.77999877929688,160.41000366210938
103,2024-05-08,406.3699951171875,142.24667358398438,199.75999450683594,16.719999313354492,171.16000366210938,56.20000076293945,119.31999969482422,93.58999633789062,55.43000030517578,72.91999816894531,159.58999633789062
104,2024-05-09,408.82000732421875,145.75833129882812,204.63999938964844,17.030000686645508,171.5800018310547,55.70000076293945,117.80999755859375,93.38999938964844,58.16999816894531,74.30999755859375,164.32000732421875
105,2024-05-10,412.04998779296875,143.6649932861328,207.00999450683594,16.93000030517578,170.2899932861328,57.90999984741211,121.23999786376953,90.94000244140625,58.16999816894531,71.55000305175781,163.1300048828125
106,2024-05-13,411.2200012207031,141.77833557128906,204.1699981689453,16.940000534057617,170.89999389648438,59.02000045776367,123.0,92.72000122070312,56.959999084472656,71.06999969482422,160.89999389648438
107,2024-05-14,410.239990234375,147.0749969482422,201.8000030517578,17.149999618530273,171.92999267578125,57.97999954223633,124.80999755859375,92.79000091552734,57.5,71.27999877929688,158.9600067138672
108,2024-05-15,412.760009765625,150.6133270263672,211.72000122070312,17.420000076293945,173.8800048828125,59.029998779296875,127.80999755859375,91.66999816894531,57.34000015258789,71.19999694824219,157.50999450683594
109,2024-05-16,413.1199951171875,147.60333251953125,207.57000732421875,17.520000457763672,175.42999267578125,59.31999969482422,127.88999938964844,91.7699966430664,57.16999816894531,70.94000244140625,160.64999389648438
110,2024-05-17,416.94000244140625,148.0933380126953,206.5,17.889999389648438,177.2899932861328,58.810001373291016,125.29000091552734,92.18000030517578,57.7599983215332,71.9000015258789,160.1300048828125
111,2024-05-20,413.0,150.47500610351562,209.8000030517578,17.920000076293945,178.4600067138672,59.279998779296875,129.0,91.7699966430664,59.970001220703125,72.44999694824219,156.7100067138672
112,2024-05-21,414.3699951171875,149.9566650390625,209.69000244140625,17.799999237060547,179.5399932861328,59.70000076293945,127.5,92.81999969482422,59.58000183105469,71.70999908447266,155.77999877929688
113,2024-05-22,413.989990234375,148.82333374023438,206.42999267578125,17.290000915527344,178.0,57.439998626708984,126.27999877929688,92.5,60.33000183105469,69.97000122070312,143.27000427246094
114,2024-05-23,405.8800048828125,150.77499389648438,199.8699951171875,16.940000534057617,175.05999755859375,56.13999938964844,126.2699966430664,91.4000015258789,59.209999084472656,69.13999938964844,144.41000366210938
115,2024-05-24,407.4100036621094,172.14999389648438,204.11000061035156,17.020000457763672,176.3300018310547,56.79999923706055,129.49000549316406,91.75,58.86000061035156,70.79000091552734,145.22999572753906
116,2024-05-28,403.8999938964844,179.85667419433594,188.3300018310547,17.440000534057617,178.02000427246094,56.13999938964844,132.6699981689453,92.0,59.29999923706055,73.62000274658203,147.10000610351562
117,2024-05-29,404.0899963378906,177.48666381835938,185.8000030517578,16.920000076293945,177.39999389648438,56.36000061035156,131.5800018310547,91.66999816894531,57.040000915527344,72.25,147.74000549316406
118,2024-05-30,408.6099853515625,180.42999267578125,187.89999389648438,17.110000610351562,173.55999755859375,57.470001220703125,126.29000091552734,93.44999694824219,57.310001373291016,72.68000030517578,149.8699951171875
119,2024-05-31,414.3999938964844,182.32000732421875,192.08999633789062,17.09000015258789,173.9600067138672,57.540000915527344,125.0,95.05000305175781,58.61000061035156,74.55999755859375,156.16000366210938
120,2024-06-03,414.7900085449219,181.09500122070312,189.13999938964844,17.420000076293945,174.4199981689453,57.54999923706055,128.1699981689453,94.4000015258789,57.66999816894531,70.06999969482422,153.02999877929688
121,2024-06-04,409.5299987792969,177.80499267578125,191.6999969482422,16.489999771118164,175.1300048828125,55.95000076293945,126.63999938964844,94.73999786376953,57.209999084472656,67.2300033569336,150.5500030517578
122,2024-06-05,409.8500061035156,182.2100067138672,186.50999450683594,16.700000762939453,177.07000732421875,56.58000183105469,133.7100067138672,94.31999969482422,55.7400016784668,66.95999908447266,147.35000610351562
123,2024-06-06,411.0799865722656,177.57167053222656,190.52999877929688,17.31999969482422,178.35000610351562,56.310001373291016,130.07000732421875,95.72000122070312,55.869998931884766,67.68000030517578,145.1300048828125
124,2024-06-07,413.7200012207031,174.05166625976562,191.5500030517578,16.149999618530273,175.9499969482422,56.810001373291016,130.94000244140625,96.55000305175781,55.40999984741211,66.62999725341797,146.0
125,2024-06-10,410.80999755859375,175.8249969482422,186.8300018310547,16.450000762939453,176.6300048828125,56.70000076293945,134.82000732421875,96.0,55.119998931884766,69.23999786376953,148.52000427246094
126,2024-06-11,408.5,173.72166442871094,183.14999389648438,16.18000030517578,178.19000244140625,56.38999938964844,135.07000732421875,95.87000274658203,53.20000076293945,68.30999755859375,146.19000244140625
127,2024-06-12,408.7699890136719,173.25332641601562,181.8300018310547,16.399999618530273,179.55999755859375,57.5099983215332,140.75,93.68000030517578,52.41999816894531,68.19000244140625,146.77999877929688
128,2024-06-13,405.9200134277344,171.69332885742188,178.5800018310547,16.06999969482422,176.74000549316406,57.77000045776367,143.13999938964844,94.18000030517578,51.279998779296875,66.68000030517578,144.67999267578125
129,2024-06-14,405.5400085449219,170.625,177.9600067138672,16.030000686645508,178.3699951171875,57.650001525878906,141.36000061035156,93.38999938964844,51.220001220703125,65.54000091552734,141.16000366210938
130,2024-06-17,407.32000732421875,169.5816650390625,188.80999755859375,16.139999389648438,178.77999877929688,56.790000915527344,147.8300018310547,95.0,50.7400016784668,65.62999725341797,144.97000122070312
131,2024-06-18,407.95001220703125,168.06500244140625,184.77000427246094,16.40999984741211,176.4499969482422,56.599998474121094,153.4499969482422,94.77999877929688,51.0099983215332,65.66000366210938,142.5399932861328
132,2024-06-20,409.1499938964844,164.9066619873047,190.39999389648438,16.959999084472656,177.7100067138672,57.5,144.19000244140625,95.56999969482422,51.939998626708984,67.5,143.3800048828125
133,2024-06-21,409.6199951171875,163.35667419433594,189.02999877929688,16.559999465942383,180.25999450683594,55.68000030517578,139.5399932861328,97.18000030517578,51.56999969482422,66.56999969482422,146.1300048828125
134,2024-06-24,413.9800109863281,163.01333618164062,187.30999755859375,16.719999313354492,180.7899932861328,56.9900016784668,139.00999450683594,97.16999816894531,52.650001525878906,70.19999694824219,149.69000244140625
135,2024-06-25,410.9700012207031,162.55332946777344,186.0500030517578,16.59000015258789,185.5800018310547,56.09000015258789,141.1199951171875,94.75,52.119998931884766,69.77999877929688,146.77000427246094
136,2024-06-26,410.260009765625,163.5433349609375,181.00999450683594,16.799999237060547,185.3699951171875,56.08000183105469,142.36000061035156,94.05999755859375,52.150001525878906,69.48999786376953,147.1699981689453
137,2024-06-27,407.95001220703125,166.65167236328125,182.80999755859375,16.84000015258789,186.86000061035156,55.84000015258789,132.22999572753906,94.19000244140625,51.970001220703125,70.44000244140625,146.72000122070312
138,2024-06-28,406.79998779296875,161.3249969482422,182.36000061035156,16.68000030517578,183.4199981689453,56.61000061035156,131.52999877929688,75.37000274658203,50.90999984741211,70.33999633789062,148.0399932861328
139,2024-07-01,405.19000244140625,157.71665954589844,186.30999755859375,16.559999465942383,184.49000549316406,56.849998474121094,131.52000427246094,76.83000183105469,50.16999816894531,69.41000366210938,145.74000549316406
140,2024-07-02,407.1000061035156,156.77333068847656,190.3800048828125,16.6200008392334,186.61000061035156,59.38999938964844,132.58999633789062,76.04000091552734,49.97999954223633,69.94999694824219,145.38999938964844
141,2024-07-03,405.7699890136719,155.94833374023438,193.9199981689453,17.299999237060547,187.38999938964844,60.4900016784668,136.82000732421875,75.23999786376953,50.900001525878906,70.2699966430664,144.8000030517578
142,2024-07-05,411.1700134277344,156.55332946777344,195.16000366210938,17.440000534057617,191.9600067138672,63.150001525878906,131.60000610351562,75.43000030517578,49.93000030517578,68.94999694824219,145.64999389648438
143,2024-07-08,409.0799865722656,158.78334045410156,197.4499969482422,17.3799991607666,190.47999572753906,62.11000061035156,130.69000244140625,73.05000305175781,49.08000183105469,69.27999877929688,148.72000122070312
144,2024-07-09,410.5199890136719,156.50833129882812,198.92999267578125,17.440000534057617,190.44000244140625,61.279998779296875,131.13999938964844,72.45999908447266,48.560001373291016,67.77999877929688,147.60000610351562
145,2024-07-10,413.7900085449219,148.89500427246094,198.47999572753906,17.780000686645508,192.66000366210938,60.90999984741211,136.38999938964844,72.54000091552734,48.290000915527344,70.04000091552734,146.11000061035156
146,2024-07-11,418.7799987792969,148.10667419433594,203.47000122070312,18.1299991607666,187.3000030517578,61.470001220703125,130.22999572753906,73.38999938964844,49.66999816894531,71.72000122070312,151.39999389648438
147,2024-07-12,424.44000244140625,149.67666625976562,207.22999572753906,18.520000457763672,186.77999877929688,62.04999923706055,133.5500030517578,73.41999816894531,49.68000030517578,72.06999969482422,152.85000610351562
148,2024-07-15,434.4200134277344,149.92999267578125,207.2100067138672,18.360000610351562,188.19000244140625,61.15999984741211,130.8699951171875,71.30999755859375,50.0099983215332,75.37000274658203,151.3000030517578
149,2024-07-16,438.8999938964844,152.14500427246094,207.9499969482422,19.25,185.5,60.83000183105469,127.48999786376953,72.80999755859375,50.90999984741211,76.63999938964844,155.00999450683594
150,2024-07-17,445.6099853515625,148.27000427246094,203.52000427246094,18.8799991607666,182.6199951171875,60.27000045776367,119.5,73.06999969482422,52.20000076293945,75.66000366210938,155.92999267578125
151,2024-07-18,441.82000732421875,147.80999755859375,199.77999877929688,18.540000915527344,179.22000122070312,59.560001373291016,117.44999694824219,72.37999725341797,50.79999923706055,73.86000061035156,152.08999633789062
152,2024-07-19,434.4700012207031,145.2066650390625,200.9499969482422,18.389999389648438,179.38999938964844,59.790000915527344,114.26000213623047,72.69999694824219,50.529998779296875,71.62999725341797,149.72999572753906
153,2024-07-22,435.9800109863281,147.31832885742188,203.2899932861328,18.360000610351562,183.35000610351562,60.83000183105469,115.27999877929688,74.86000061035156,50.43000030517578,71.8499984741211,151.02000427246094
154,2024-07-23,434.010009765625,147.07167053222656,203.0399932861328,18.56999969482422,183.60000610351562,62.650001525878906,114.25,73.4000015258789,49.59000015258789,72.70999908447266,150.27000427246094
155,2024-07-24,432.79998779296875,141.0066680908203,195.00999450683594,18.459999084472656,174.3699951171875,59.34000015258789,110.27999877929688,71.08999633789062,49.45000076293945,71.23999786376953,146.4499969482422
156,2024-07-25,433.2900085449219,140.25,195.1199951171875,17.719999313354492,169.16000366210938,60.790000915527344,107.44999694824219,71.41000366210938,50.75,72.23999786376953,146.2899932861328
157,2024-07-26,437.6600036621094,149.11666870117188,198.6300048828125,17.790000915527344,168.67999267578125,64.55999755859375,109.41000366210938,72.55999755859375,51.220001220703125,73.06999969482422,149.0
158,2024-07-29,438.30999755859375,153.5366668701172,193.5,17.969999313354492,171.1300048828125,64.91999816894531,107.8499984741211,73.55000305175781,50.36000061035156,71.16999816894531,146.82000732421875
159,2024-07-30,441.260009765625,151.87167358398438,192.6300048828125,18.139999389648438,171.86000061035156,64.95999908447266,102.55999755859375,74.31999969482422,50.75,71.9800033569336,147.9499969482422
160,2024-07-31,438.5,153.77166748046875,197.39999389648438,18.510000228881836,173.14999389648438,65.20999908447266,109.81999969482422,74.86000061035156,51.20000076293945,76.8499984741211,150.41000366210938
161,2024-08-01,431.80999755859375,151.03500366210938,193.1300048828125,18.239999771118164,172.4499969482422,63.47999954223633,101.51000213623047,73.8499984741211,49.88999938964844,74.87999725341797,147.02000427246094
162,2024-08-02,428.3599853515625,144.22166442871094,187.58999633789062,17.90999984741211,168.39999389648438,60.220001220703125,92.69999694824219,74.01000213623047,47.91999816894531,69.61000061035156,139.1699981689453
163,2024-08-05,413.7200012207031,141.74667358398438,181.8300018310547,17.18000030517578,160.63999938964844,57.83000183105469,90.41999816894531,71.41999816894531,47.2400016784668,66.01000213623047,133.8699951171875
164,2024-08-06,422.1400146484375,144.86666870117188,181.22999572753906,17.389999389648438,160.5399932861328,58.619998931884766,89.0,72.5,47.18000030517578,67.6500015258789,133.85000610351562
165,2024-08-07,427.0199890136719,140.54666137695312,180.83999633789062,16.809999465942383,160.75,58.79999923706055,86.80000305175781,72.62000274658203,47.08000183105469,67.5999984741211,133.47000122070312
166,2024-08-08,431.5400085449219,147.32167053222656,191.4199981689453,17.34000015258789,163.83999633789062,60.5099983215332,92.06999969482422,74.19000244140625,46.029998779296875,68.66000366210938,133.97000122070312
167,2024-08-09,431.6700134277344,148.375,192.0,17.40999984741211,165.38999938964844,60.369998931884766,93.08000183105469,74.33999633789062,45.939998626708984,68.47000122070312,135.5
168,2024-08-12,430.3900146484375,153.0500030517578,188.3000030517578,18.989999771118164,163.9499969482422,60.04999923706055,94.63999938964844,74.63999938964844,46.16999816894531,69.58999633789062,135.02000427246094
169,2024-08-13,432.4100036621094,157.3866729736328,191.38999938964844,19.1299991607666,165.92999267578125,62.77000045776367,97.44000244140625,78.5,46.5,69.88999938964844,136.66000366210938
170,2024-08-14,438.4700012207031,153.22833251953125,206.8800048828125,19.15999984741211,162.02999877929688,62.470001220703125,100.41000366210938,78.5199966430664,45.88999938964844,69.1500015258789,135.75999450683594
171,2024-08-15,440.8399963378906,157.9250030517578,207.74000549316406,19.049999237060547,163.1699981689453,62.7400016784668,106.94999694824219,82.5,46.34000015258789,70.79000091552734,141.66000366210938
172,2024-08-16,444.510009765625,158.42166137695312,208.0,19.709999084472656,164.74000549316406,62.7400016784668,107.98999786376953,83.2300033569336,46.779998779296875,69.88999938964844,144.0399932861328
173,2024-08-19,448.7699890136719,160.5366668701172,208.4600067138672,20.209999084472656,168.39999389648438,66.0,108.62999725341797,83.27999877929688,47.34000015258789,70.69999694824219,144.6300048828125
174,2024-08-20,448.3599853515625,158.11166381835938,204.85000610351562,20.40999984741211,168.9600067138672,67.05999755859375,107.98999786376953,83.55999755859375,46.79999923706055,68.56999969482422,144.3300018310547
175,2024-08-21,446.6000061035156,159.58999633789062,210.1300048828125,20.6200008392334,167.6300048828125,65.2300033569336,108.33000183105469,84.0,47.75,69.06999969482422,159.25
176,2024-08-22,449.0299987792969,159.14833068847656,209.35000610351562,20.239999771118164,165.49000549316406,64.66999816894531,104.26000213623047,83.41000366210938,47.16999816894531,68.69000244140625,156.82000732421875
177,2024-08-23,453.3800048828125,162.42666625976562,211.17999267578125,20.5,167.42999267578125,66.30000305175781,102.8499984741211,84.05000305175781,48.2400016784668,72.43000030517578,158.5
178,2024-08-26,454.489990234375,157.5050048828125,208.66000366210938,20.469999313354492,167.92999267578125,66.3499984741211,98.91000366210938,84.27999877929688,48.58000183105469,74.18000030517578,158.89999389648438
179,2024-08-27,460.6300048828125,158.80667114257812,210.02000427246094,20.450000762939453,166.3800048828125,65.9800033569336,97.86000061035156,85.29000091552734,48.439998626708984,72.47000122070312,158.67999267578125
180,2024-08-28,464.5899963378906,158.26333618164062,206.88999938964844,19.950000762939453,164.5,64.05000305175781,94.86000061035156,82.79000091552734,47.790000915527344,73.37999725341797,156.86000061035156
181,2024-08-29,468.3699951171875,156.90499877929688,210.24000549316406,20.31999969482422,163.39999389648438,65.26000213623047,95.56999969482422,83.26000213623047,48.2599983215332,73.37000274658203,153.4199981689453
182,2024-08-30,475.9200134277344,159.8816680908203,212.41000366210938,20.190000534057617,165.11000061035156,64.87999725341797,96.23999786376953,83.31999969482422,48.41999816894531,72.30999755859375,153.6199951171875
183,2024-09-03,476.8299865722656,149.83999633789062,210.92999267578125,19.600000381469727,158.61000061035156,63.66999816894531,88.58000183105469,81.31999969482422,46.439998626708984,68.16000366210938,151.8000030517578
184,2024-09-04,478.57000732421875,149.22833251953125,212.0800018310547,19.31999969482422,157.80999755859375,63.040000915527344,89.29000091552734,81.0199966430664,46.970001220703125,67.0199966430664,152.47999572753906
185,2024-09-05,464.9200134277344,146.56333923339844,214.82000732421875,19.459999084472656,158.60000610351562,63.68000030517578,89.38999938964844,80.83000183105469,46.5099983215332,67.8499984741211,151.89999389648438
186,2024-09-06,459.4200134277344,143.32666015625,213.6699981689453,19.0,152.1300048828125,61.61000061035156,86.37999725341797,80.62999725341797,46.33000183105469,65.08000183105469,151.27999877929688
187,2024-09-09,459.6099853515625,149.01499938964844,219.3000030517578,19.280000686645508,149.5399932861328,62.290000915527344,86.2699966430664,79.48999786376953,46.09000015258789,65.83999633789062,150.58999633789062
188,2024-09-10,458.9200134277344,148.45166015625,219.42999267578125,19.600000381469727,150.00999450683594,61.36000061035156,86.8499984741211,78.08999633789062,45.25,62.47999954223633,148.00999450683594
189,2024-09-11,453.1000061035156,151.5433349609375,220.2100067138672,19.760000228881836,152.14999389648438,58.72999954223633,90.6500015258789,78.4000015258789,45.65999984741211,62.459999084472656,147.2899932861328
190,2024-09-12,450.8699951171875,153.18833923339844,219.5,20.579999923706055,155.5399932861328,58.95000076293945,87.20999908447266,78.4000015258789,46.16999816894531,63.400001525878906,148.44000244140625
191,2024-09-13,447.6099853515625,155.84500122070312,221.47000122070312,20.84000015258789,158.3699951171875,61.369998931884766,91.22000122070312,79.01000213623047,46.7400016784668,63.459999084472656,151.36000061035156
192,2024-09-16,451.7799987792969,156.27999877929688,224.33999633789062,20.520000457763672,158.99000549316406,61.65999984741211,87.18000030517578,79.80000305175781,46.58000183105469,64.69999694824219,152.83999633789062
193,2024-09-17,456.67999267578125,155.10000610351562,230.5500030517578,20.479999542236328,160.27999877929688,61.56999969482422,88.7300033569336,80.63999938964844,46.900001525878906,66.18000030517578,151.9600067138672
194,2024-09-18,456.6000061035156,157.22999572753906,229.0500030517578,20.059999465942383,160.80999755859375,61.790000915527344,87.3499984741211,80.9000015258789,46.81999969482422,65.13999938964844,153.60000610351562
195,2024-09-19,459.7099914550781,152.11000061035156,229.44000244140625,20.229999542236328,163.24000549316406,62.84000015258789,89.25,80.9800033569336,47.900001525878906,67.08999633789062,156.49000549316406
196,2024-09-20,455.30999755859375,150.72999572753906,231.86000061035156,20.3799991607666,164.63999938964844,62.779998779296875,90.9000015258789,86.5199966430664,47.060001373291016,66.52999877929688,154.75
197,2024-09-23,454.9800109863281,154.2100067138672,229.6199951171875,20.209999084472656,163.07000732421875,63.43000030517578,93.56999969482422,86.19999694824219,47.47999954223633,65.05000305175781,155.2899932861328
198,2024-09-24,454.55999755859375,154.39999389648438,228.1699981689453,20.43000030517578,163.63999938964844,61.400001525878906,94.0,87.45999908447266,47.689998626708984,65.7300033569336,156.17999267578125
199,2024-09-25,452.3599853515625,154.5,239.86000061035156,20.700000762939453,162.99000549316406,58.66999816894531,95.7699966430664,88.0,47.189998626708984,62.630001068115234,155.07000732421875
200,2024-09-26,454.17999267578125,157.25999450683594,244.02999877929688,21.010000228881836,163.8300018310547,63.099998474121094,109.87999725341797,89.38999938964844,48.65999984741211,60.65999984741211,155.97999572753906
201,2024-09-27,457.4700012207031,159.4199981689453,238.3300018310547,20.229999542236328,165.2899932861328,63.41999816894531,107.5,89.44000244140625,48.25,61.90999984741211,155.17999267578125
202,2024-09-30,460.260009765625,159.4499969482422,237.27999877929688,19.889999389648438,167.19000244140625,61.75,103.70999908447266,88.4000015258789,48.060001373291016,61.650001525878906,155.86000061035156
203,2024-10-01,457.4100036621094,155.6199951171875,235.91000366210938,20.299999237060547,168.4199981689453,61.119998931884766,100.30999755859375,89.12999725341797,49.29999923706055,62.90999984741211,152.1999969482422
204,2024-10-02,456.6700134277344,157.66000366210938,232.66000366210938,20.18000030517578,167.30999755859375,61.540000915527344,99.8499984741211,83.0999984741211,49.83000183105469,62.65999984741211,150.39999389648438
205,2024-10-03,452.9599914550781,156.7899932861328,234.91000366210938,19.850000381469727,167.2100067138672,60.709999084472656,101.81999969482422,82.0999984741211,49.939998626708984,64.30999755859375,149.60000610351562
206,2024-10-04,461.9700012207031,166.80999755859375,237.52999877929688,20.110000610351562,168.55999755859375,61.66999816894531,102.25,82.25,49.81999969482422,64.87999725341797,152.8800048828125
207,2024-10-07,453.5,158.8300018310547,235.49000549316406,19.8799991607666,164.38999938964844,64.04000091552734,102.91000366210938,80.83000183105469,49.61000061035156,65.38999938964844,149.0
208,2024-10-08,453.79998779296875,161.94000244140625,236.16000366210938,19.65999984741211,165.6999969482422,65.25,102.54000091552734,80.7699966430664,48.56999969482422,62.970001220703125,151.32000732421875
209,2024-10-09,455.8999938964844,160.44000244140625,236.1300048828125,19.65999984741211,163.05999755859375,65.47000122070312,101.69999694824219,82.44999694824219,49.029998779296875,62.529998779296875,154.3300018310547
210,2024-10-10,454.92999267578125,158.25999450683594,240.63999938964844,20.06999969482422,163.17999267578125,65.80999755859375,105.69000244140625,82.0999984741211,49.029998779296875,62.77000045776367,155.97000122070312
211,2024-10-11,460.2099914550781,161.25,219.5,19.989999771118164,164.52000427246094,67.25,106.91999816894531,82.1500015258789,49.04999923706055,63.27000045776367,158.4600067138672
212,2024-10-14,459.9800109863281,160.72999572753906,230.05999755859375,19.979999542236328,166.35000610351562,69.98999786376953,108.33999633789062,81.5999984741211,48.540000915527344,62.63999938964844,157.97000122070312
213,2024-10-15,462.67999267578125,161.85000610351562,225.9600067138672,20.209999084472656,166.89999389648438,68.1500015258789,104.31999969482422,82.12000274658203,47.900001525878906,59.97999954223633,160.69000244140625
214,2024-10-16,465.69000244140625,161.16000366210938,227.99000549316406,19.940000534057617,166.74000549316406,69.61000061035156,109.23999786376953,83.94000244140625,48.0,60.54999923706055,158.8699951171875
215,2024-10-17,465.8500061035156,160.30999755859375,234.64999389648438,20.34000015258789,164.50999450683594,67.93000030517578,112.05000305175781,83.4000015258789,48.29999923706055,60.459999084472656,155.88999938964844
216,2024-10-18,464.79998779296875,161.85000610351562,232.3300018310547,20.920000076293945,165.0500030517578,68.70999908447266,111.1500015258789,82.91999816894531,47.68000030517578,60.470001220703125,156.83999633789062
217,2024-10-21,464.1600036621094,160.00999450683594,230.3800048828125,20.860000610351562,165.8000030517578,67.11000061035156,109.08000183105469,81.4800033569336,47.310001373291016,59.93000030517578,150.91000366210938
218,2024-10-22,461.45001220703125,154.0500030517578,231.3000030517578,21.190000534057617,166.82000732421875,67.88999938964844,107.81999969482422,81.41999816894531,48.119998931884766,58.97999954223633,149.19000244140625
219,2024-10-23,460.6099853515625,150.9600067138672,229.0,20.799999237060547,164.47999572753906,67.58000183105469,105.05000305175781,80.05000305175781,47.77000045776367,57.939998626708984,148.0500030517578
220,2024-10-24,457.7699890136719,152.0399932861328,228.16000366210938,20.31999969482422,164.52999877929688,66.95999908447266,106.8499984741211,79.04000091552734,47.79999923706055,58.16999816894531,150.17999267578125
221,2024-10-25,454.010009765625,168.11000061035156,224.9199981689453,19.610000610351562,166.99000549316406,72.18000030517578,107.91000366210938,78.8499984741211,47.88999938964844,58.849998474121094,151.16000366210938
222,2024-10-28,458.489990234375,169.2899932861328,226.0,19.979999542236328,168.33999633789062,68.79000091552734,106.38999938964844,78.91000366210938,48.349998474121094,57.91999816894531,149.3000030517578
223,2024-10-29,454.6199951171875,169.5500030517578,227.6199951171875,20.280000686645508,171.13999938964844,68.80999755859375,108.18000030517578,78.4000015258789,47.66999816894531,57.150001525878906,147.92999267578125
224,2024-10-30,454.9599914550781,169.52000427246094,236.8000030517578,20.049999237060547,176.13999938964844,67.33999633789062,104.08000183105469,76.44999694824219,47.959999084472656,61.16999816894531,148.52000427246094
225,2024-10-31,450.9200134277344,160.88999938964844,232.77000427246094,19.31999969482422,172.69000244140625,65.23999786376953,99.6500015258789,77.12999725341797,47.68000030517578,60.04999923706055,150.0399932861328
226,2024-11-01,452.1400146484375,158.1199951171875,231.16000366210938,19.049999237060547,172.64999389648438,66.08000183105469,99.7300033569336,78.05999755859375,48.36000061035156,59.25,150.83999633789062
227,2024-11-04,442.2900085449219,162.25999450683594,227.1300048828125,18.899999618530273,170.67999267578125,65.23999786376953,101.7300033569336,77.19000244140625,50.779998779296875,61.34000015258789,149.99000549316406
228,2024-11-05,445.05999755859375,163.6699981689453,229.14999389648438,18.8799991607666,171.41000366210938,66.44000244140625,105.48999786376953,77.9800033569336,50.630001068115234,61.90999984741211,150.99000549316406
229,2024-11-06,468.8999938964844,164.77000427246094,238.10000610351562,18.43000030517578,178.3300018310547,67.25,111.83000183105469,75.31999969482422,49.5099983215332,64.04000091552734,147.2899932861328
230,2024-11-07,460.1300048828125,171.33999633789062,237.97999572753906,18.479999542236328,182.27999877929688,68.0,113.41000366210938,75.91999816894531,48.939998626708984,65.38999938964844,150.91000366210938
231,2024-11-08,463.4100036621094,175.61000061035156,248.0399932861328,18.399999618530273,179.86000061035156,66.05000305175781,111.9000015258789,75.87999725341797,48.31999969482422,63.90999984741211,149.77999877929688
232,2024-11-11,467.3599853515625,177.0800018310547,251.00999450683594,17.399999618530273,181.97000122070312,66.19000244140625,108.6500015258789,76.5999984741211,48.83000183105469,64.12000274658203,153.27999877929688
233,2024-11-12,466.2900085449219,177.6300048828125,248.1699981689453,17.020000457763672,183.32000732421875,65.05000305175781,104.0999984741211,76.66000366210938,46.9900016784668,63.439998626708984,155.64999389648438
234,2024-11-13,468.1000061035156,178.33999633789062,265.5199890136719,16.790000915527344,180.49000549316406,64.47000122070312,99.91999816894531,76.5199966430664,46.810001373291016,62.22999954223633,154.99000549316406
235,2024-11-14,467.70001220703125,176.86000061035156,267.0,16.850000381469727,177.35000610351562,64.43000030517578,99.18000030517578,75.68000030517578,46.369998931884766,63.630001068115234,153.47000122070312
236,2024-11-15,470.2799987792969,175.66000366210938,265.45001220703125,16.649999618530273,173.88999938964844,64.13999938964844,96.33999633789062,76.66000366210938,46.189998626708984,62.29999923706055,152.1300048828125
237,2024-11-18,472.20001220703125,176.4499969482422,267.0,17.200000762939453,176.8000030517578,65.26000213623047,97.51000213623047,74.88999938964844,45.599998474121094,63.029998779296875,156.55999755859375
238,2024-11-19,468.8599853515625,176.2899932861328,263.3900146484375,17.719999313354492,179.5800018310547,65.8499984741211,97.7300033569336,73.91000366210938,45.560001373291016,62.77000045776367,156.0
239,2024-11-20,468.8299865722656,176.36000061035156,263.3699951171875,17.889999389648438,177.3300018310547,67.91999816894531,98.37000274658203,73.36000061035156,45.88999938964844,65.13999938964844,121.72000122070312
240,2024-11-21,472.05999755859375,181.91000366210938,266.7200012207031,18.1200008392334,169.24000549316406,69.12999725341797,102.76000213623047,75.0999984741211,46.869998931884766,66.12999725341797,121.58999633789062
241,2024-11-22,476.57000732421875,192.14999389648438,275.5199890136719,18.219999313354492,166.57000732421875,69.93000030517578,102.63999938964844,77.4000015258789,46.93000030517578,66.37999725341797,125.01000213623047
242,2024-11-25,477.42999267578125,196.49000549316406,278.3500061035156,17.68000030517578,169.42999267578125,69.76000213623047,104.4800033569336,79.26000213623047,46.79999923706055,64.5999984741211,130.52999877929688
243,2024-11-26,478.55999755859375,194.41000366210938,275.739990234375,17.559999465942383,170.6199951171875,69.18000030517578,101.80000305175781,77.61000061035156,45.900001525878906,61.599998474121094,126.55000305175781
244,2024-11-27,483.0799865722656,191.77000427246094,273.3299865722656,17.56999969482422,170.82000732421875,70.79000091552734,98.19999694824219,78.33999633789062,46.09000015258789,62.439998626708984,130.08999633789062
245,2024-11-29,483.0199890136719,195.9600067138672,276.32000732421875,17.489999771118164,170.49000549316406,68.93000030517578,97.94999694824219,78.7699966430664,46.65999984741211,63.16999816894531,132.30999755859375
246,2024-12-02,477.3299865722656,201.89999389648438,278.0,17.209999084472656,172.97999572753906,68.76000213623047,98.55000305175781,79.08999633789062,47.77000045776367,62.40999984741211,130.72000122070312
247,2024-12-03,470.19000244140625,202.8699951171875,282.6400146484375,17.610000610351562,173.02000427246094,67.66000366210938,99.83999633789062,78.86000061035156,48.779998779296875,62.720001220703125,131.4499969482422
248,2024-12-04,468.32000732421875,204.14999389648438,278.0199890136719,17.3700008392334,176.08999633789062,67.27999877929688,103.19999694824219,78.37000274658203,48.04999923706055,60.68000030517578,130.07000732421875
249,2024-12-05,470.57000732421875,200.9199981689453,279.6099853515625,16.950000762939453,174.30999755859375,60.279998779296875,100.87000274658203,78.58000183105469,48.08000183105469,61.279998779296875,129.1699981689453
250,2024-12-06,470.5,199.5500030517578,280.3800048828125,16.770000457763672,176.49000549316406,60.189998626708984,101.16999816894531,78.88999938964844,47.93000030517578,58.97999954223633,132.38999938964844
251,2024-12-09,463.8699951171875,201.5500030517578,271.5199890136719,17.079999923706055,177.10000610351562,58.47999954223633,102.81999969482422,77.63999938964844,48.779998779296875,60.439998626708984,135.2899932861328
252,2024-12-10,462.489990234375,202.1199951171875,274.7099914550781,17.139999389648438,186.52999877929688,58.7599983215332,98.0999984741211,76.73999786376953,48.54999923706055,60.599998474121094,135.0500030517578
253,2024-12-11,461.3900146484375,204.9499969482422,277.4700012207031,17.6299991607666,196.7100067138672,60.22999954223633,102.05999755859375,78.8499984741211,47.880001068115234,61.540000915527344,135.97999572753906
254,2024-12-12,458.6300048828125,203.67999267578125,281.1499938964844,17.170000076293945,193.6300048828125,60.83000183105469,98.23999786376953,77.95999908447266,47.93000030517578,61.33000183105469,135.2899932861328
255,2024-12-13,457.8999938964844,206.6300048828125,277.7099914550781,16.780000686645508,191.3800048828125,59.400001525878906,102.5,77.25,48.18000030517578,60.349998474121094,134.52000427246094
256,2024-12-16,455.20001220703125,211.1199951171875,275.9599914550781,16.350000381469727,198.16000366210938,59.220001220703125,108.26000213623047,77.19999694824219,46.88999938964844,59.060001373291016,132.4499969482422
257,2024-12-17,455.6600036621094,210.3699951171875,273.25,16.239999771118164,197.1199951171875,58.31999969482422,108.5999984741211,78.0,46.380001068115234,58.459999084472656,131.60000610351562
258,2024-12-18,446.5899963378906,201.47999572753906,265.4100036621094,15.510000228881836,190.14999389648438,58.369998931884766,103.9000015258789,76.9000015258789,44.91999816894531,56.720001220703125,130.6999969482422
259,2024-12-19,449.3399963378906,205.27999877929688,261.3399963378906,15.229999542236328,189.6999969482422,59.220001220703125,87.08999633789062,77.0999984741211,44.040000915527344,55.86000061035156,130.42999267578125
260,2024-12-20,453.20001220703125,210.97000122070312,264.7799987792969,15.460000038146973,192.9600067138672,59.08000183105469,90.12000274658203,76.94000244140625,44.58000183105469,56.58000183105469,131.47999572753906
261,2024-12-23,454.3500061035156,207.64999389648438,261.0299987792969,15.59000015258789,195.99000549316406,59.58000183105469,89.72000122070312,76.76000213623047,44.470001220703125,57.970001220703125,131.9199981689453
262,2024-12-24,458.6600036621094,208.00999450683594,261.489990234375,15.710000038146973,197.57000732421875,59.54999923706055,89.27999877929688,76.79000091552734,44.5,58.470001220703125,132.39999389648438
263,2024-12-26,459.0799865722656,209.42999267578125,259.2900085449219,15.739999771118164,197.10000610351562,58.31999969482422,89.81999969482422,76.94000244140625,44.41999816894531,58.130001068115234,136.38999938964844
264,2024-12-27,456.510009765625,207.11000061035156,261.79998779296875,15.680000305175781,194.0399932861328,57.70000076293945,88.62999725341797,76.41999816894531,44.310001373291016,57.689998626708984,135.5
265,2024-12-30,452.1600036621094,205.75999450683594,258.0400085449219,15.460000038146973,192.69000244140625,57.0,85.30999755859375,74.6500015258789,44.18000030517578,59.400001525878906,135.0500030517578
266,2024-12-31,453.2799987792969,203.08999633789062,258.45001220703125,15.5,190.44000244140625,56.900001525878906,84.16000366210938,75.66999816894531,44.75,61.06999969482422,135.17999267578125
267,2025-01-02,451.1000061035156,204.5399932861328,254.63999938964844,15.970000267028809,190.6300048828125,56.86000061035156,87.33000183105469,73.66999816894531,45.279998779296875,63.09000015258789,137.19000244140625
268,2025-01-03,453.55999755859375,207.25,256.760009765625,15.84000015258789,193.1300048828125,57.540000915527344,89.87000274658203,73.30999755859375,46.83000183105469,63.70000076293945,135.7899932861328
269,2025-01-06,451.4100036621094,208.47000122070312,255.1199951171875,15.5,197.9600067138672,58.66999816894531,99.26000213623047,72.0,48.439998626708984,63.33000183105469,139.2899932861328
270,2025-01-07,452.9200134277344,205.10000610351562,251.86000061035156,15.569999694824219,196.7100067138672,58.29999923706055,101.91000366210938,72.08999633789062,48.2400016784668,66.2699966430664,139.25
271,2025-01-08,451.8399963378906,207.52000427246094,255.8800048828125,15.84000015258789,195.38999938964844,58.22999954223633,99.41000366210938,71.29000091552734,47.83000183105469,64.12000274658203,138.22000122070312
272,2025-01-10,442.6600036621094,207.5,254.0,15.720000267028809,193.1699981689453,59.040000915527344,99.33999633789062,71.19999694824219,48.470001220703125,64.75,141.6199951171875
273,2025-01-13,443.9100036621094,204.58999633789062,256.6000061035156,15.449999809265137,192.2899932861328,60.880001068115234,95.05999755859375,72.08000183105469,51.20000076293945,64.16999816894531,138.77000427246094
274,2025-01-14,450.0299987792969,206.13999938964844,259.6000061035156,15.579999923706055,191.0500030517578,61.13999938964844,97.36000061035156,71.16999816894531,51.689998626708984,65.16999816894531,136.47000122070312
275,2025-01-15,458.510009765625,203.72999572753906,255.30999755859375,15.84000015258789,196.97999572753906,62.83000183105469,103.19000244140625,71.06999969482422,52.040000915527344,65.80999755859375,134.52999877929688
276,2025-01-16,462.80999755859375,208.22000122070312,257.55999755859375,15.75,194.41000366210938,61.88999938964844,102.5999984741211,71.11000061035156,51.5,66.0199966430664,133.25
277,2025-01-17,467.95001220703125,209.91000366210938,263.1000061035156,16.0,197.5500030517578,61.2599983215332,105.75,70.83999633789062,51.619998931884766,65.37000274658203,133.61000061035156
278,2025-01-21,468.57000732421875,214.11000061035156,269.1300048828125,15.979999542236328,199.6300048828125,62.869998931884766,109.37999725341797,73.16999816894531,51.290000915527344,65.31999969482422,137.33999633789062
