Index,Date,AAPL,BTC-USD,COIN,ETH,IAG,LLY,MSFT,NVDA,PLTR,TSLA
1,2023-12-11,193.17999267578125,41243.83203125,138.02000427246094,0.0,2.2100000381469727,584.0399780273438,371.29998779296875,46.62699890136719,17.770000457763672,239.74000549316406
2,2023-12-12,194.7100067138672,41450.22265625,139.6199951171875,0.0,2.119999885559082,584.760009765625,374.3800048828125,47.65700149536133,17.5,237.00999450683594
3,2023-12-13,197.9600067138672,42890.7421875,150.4600067138672,0.0,2.380000114440918,597.5,374.3699951171875,48.0880012512207,17.8700008392334,239.2899932861328
4,2023-12-14,198.11000061035156,43023.97265625,153.6300048828125,0.0,2.440000057220459,573.6699829101562,365.92999267578125,48.349998474121094,18.209999084472656,251.0500030517578
5,2023-12-15,197.57000732421875,41929.7578125,147.89999389648438,0.0,2.440000057220459,572.0399780273438,370.7300109863281,48.88999938964844,18.200000762939453,253.5
6,2023-12-18,195.88999938964844,42623.5390625,153.42999267578125,0.0,2.549999952316284,579.760009765625,372.6499938964844,50.07699966430664,17.84000015258789,252.0800018310547
7,2023-12-19,196.94000244140625,42270.52734375,161.16000366210938,0.0,2.680000066757202,579.8099975585938,373.260009765625,49.604000091552734,17.950000762939453,257.2200012207031
8,2023-12-20,194.8300018310547,43652.25,161.86000061035156,0.0,2.609999895095825,570.2100219726562,370.6199951171875,48.111000061035156,17.25,247.13999938964844
9,2023-12-21,194.67999267578125,43869.15234375,168.02999877929688,0.0,2.6500000953674316,572.0,373.5400085449219,48.9900016784668,17.59000015258789,254.5
10,2023-12-22,193.60000610351562,43997.90234375,175.47999572753906,0.0,2.640000104904175,570.3900146484375,374.5799865722656,48.83000183105469,17.40999984741211,252.5399932861328
11,2023-12-26,193.0500030517578,42520.40234375,172.0500030517578,0.0,2.630000114440918,570.6699829101562,374.6600036621094,49.27899932861328,17.68000030517578,256.6099853515625
12,2023-12-27,193.14999389648438,43442.85546875,185.24000549316406,0.0,2.640000104904175,581.510009765625,374.07000732421875,49.41699981689453,17.469999313354492,261.44000244140625
13,2023-12-28,193.5800018310547,42627.85546875,186.36000061035156,0.0,2.549999952316284,580.8499755859375,375.2799987792969,49.52199935913086,17.559999465942383,253.17999267578125
14,2023-12-29,192.52999877929688,42099.40234375,173.9199981689453,0.0,2.5299999713897705,582.9199829101562,376.0400085449219,49.52199935913086,17.170000076293945,248.47999572753906
15,2024-01-02,185.63999938964844,44957.96875,156.8800048828125,0.0,2.440000057220459,592.2000122070312,370.8699951171875,48.167999267578125,16.579999923706055,248.4199981689453
16,2024-01-03,184.25,42848.17578125,152.24000549316406,0.0,2.390000104904175,617.7000122070312,370.6000061035156,47.569000244140625,16.09000015258789,238.4499969482422
17,2024-01-04,181.91000366210938,44179.921875,155.60000610351562,0.0,2.4000000953674316,614.5,367.94000244140625,47.99800109863281,16.25,237.92999267578125
18,2024-01-05,181.17999267578125,44162.69140625,153.97999572753906,0.0,2.359999895095825,618.5499877929688,367.75,49.09700012207031,15.979999542236328,237.49000549316406
19,2024-01-08,185.55999755859375,46970.50390625,159.4199981689453,0.0,2.369999885559082,626.030029296875,374.69000244140625,52.25299835205078,16.670000076293945,240.4499969482422
20,2024-01-09,185.13999938964844,46139.73046875,151.99000549316406,0.0,2.359999895095825,625.47998046875,375.7900085449219,53.13999938964844,16.389999389648438,234.9600067138672
21,2024-01-10,186.19000244140625,46627.77734375,151.2899932861328,0.0,2.390000104904175,630.1900024414062,382.7699890136719,54.349998474121094,16.790000915527344,233.94000244140625
22,2024-01-11,185.58999633789062,46368.5859375,141.16000366210938,0.0,2.359999895095825,635.719970703125,384.6300048828125,54.821998596191406,16.68000030517578,227.22000122070312
23,2024-01-12,185.9199981689453,42853.16796875,130.77999877929688,0.0,2.609999895095825,642.9199829101562,388.4700012207031,54.709999084472656,16.760000228881836,218.88999938964844
24,2024-01-16,183.6300048828125,43154.9453125,133.8800048828125,0.0,2.5,634.5700073242188,390.2699890136719,56.38199996948242,16.530000686645508,219.91000366210938
25,2024-01-17,182.67999267578125,42742.65234375,133.86000061035156,0.0,2.4700000286102295,628.9099731445312,389.4700012207031,56.053001403808594,16.389999389648438,215.5500030517578
26,2024-01-18,188.6300048828125,41262.05859375,124.33999633789062,0.0,2.3399999141693115,623.3499755859375,393.8699951171875,57.106998443603516,16.399999618530273,211.8800048828125
27,2024-01-19,191.55999755859375,41618.40625,124.75,0.0,2.319999933242798,628.5800170898438,398.6700134277344,59.49100112915039,16.780000686645508,212.19000244140625
28,2024-01-22,193.88999938964844,39507.3671875,128.2100067138672,0.0,2.299999952316284,630.8800048828125,396.510009765625,59.65399932861328,17.600000381469727,208.8000030517578
29,2024-01-23,195.17999267578125,39845.55078125,124.19000244140625,0.0,2.640000104904175,629.6799926757812,398.8999938964844,59.87300109863281,17.329999923706055,209.13999938964844
30,2024-01-24,194.5,40077.07421875,121.33999633789062,0.0,2.5,633.7000122070312,402.55999755859375,61.36199951171875,16.75,207.8300018310547
31,2024-01-25,194.1699981689453,39933.80859375,121.01000213623047,0.0,2.509999990463257,627.6199951171875,404.8699951171875,61.617000579833984,16.459999084472656,182.6300048828125
32,2024-01-26,192.4199981689453,41816.87109375,125.19999694824219,0.0,2.4200000762939453,639.25,403.92999267578125,61.03099822998047,16.350000381469727,183.25
33,2024-01-29,191.72999572753906,43288.24609375,132.82000732421875,0.0,2.4600000381469727,645.0,409.7200012207031,62.46500015258789,17.09000015258789,190.92999267578125
34,2024-01-30,188.0399932861328,42952.609375,130.82000732421875,0.0,2.4100000858306885,644.97998046875,408.5899963378906,62.77399826049805,16.739999771118164,191.58999633789062
35,2024-01-31,184.39999389648438,42582.60546875,128.1999969482422,0.0,2.380000114440918,645.6099853515625,397.5799865722656,61.527000427246094,16.09000015258789,187.2899932861328
36,2024-02-01,186.86000061035156,43075.7734375,128.9499969482422,0.0,2.5799999237060547,660.4299926757812,403.7799987792969,63.027000427246094,16.329999923706055,188.86000061035156
37,2024-02-02,185.85000610351562,43185.859375,129.22000122070312,0.0,2.4700000286102295,667.6500244140625,411.2200012207031,66.16000366210938,17.020000457763672,187.91000366210938
38,2024-02-05,187.67999267578125,42658.66796875,117.30000305175781,0.0,2.4100000858306885,706.2000122070312,405.6499938964844,69.33200073242188,16.719999313354492,181.05999755859375
39,2024-02-06,189.3000030517578,43084.671875,119.79000091552734,0.0,2.490000009536743,705.030029296875,405.489990234375,68.2229995727539,21.8700008392334,185.10000610351562
40,2024-02-07,189.41000366210938,44318.22265625,122.06999969482422,0.0,2.4700000286102295,725.3800048828125,414.04998779296875,70.0989990234375,23.600000381469727,187.5800018310547
41,2024-02-08,188.32000732421875,45301.56640625,132.5500030517578,0.0,2.4600000381469727,735.6799926757812,414.1099853515625,69.64099884033203,24.510000228881836,189.55999755859375
42,2024-02-09,188.85000610351562,47147.19921875,141.99000549316406,0.0,2.450000047683716,740.1599731445312,420.54998779296875,72.13300323486328,24.3799991607666,193.57000732421875
43,2024-02-12,187.14999389648438,49958.22265625,147.30999755859375,0.0,2.549999952316284,737.260009765625,415.260009765625,72.24800109863281,25.049999237060547,188.1300048828125
44,2024-02-13,185.0399932861328,49742.44140625,140.38999938964844,0.0,2.3399999141693115,742.969970703125,406.32000732421875,72.12799835205078,24.010000228881836,184.02000427246094
45,2024-02-14,184.14999389648438,51826.6953125,160.3800048828125,0.0,2.4200000762939453,757.3099975585938,409.489990234375,73.9000015258789,25.190000534057617,188.7100067138672
46,2024-02-15,183.86000061035156,51938.5546875,165.6699981689453,0.0,2.5299999713897705,757.780029296875,406.55999755859375,72.65799713134766,25.40999984741211,200.4499969482422
47,2024-02-16,182.30999755859375,52160.203125,180.30999755859375,0.0,2.569999933242798,782.0599975585938,404.05999755859375,72.61299896240234,24.440000534057617,199.9499969482422
48,2024-02-20,181.55999755859375,52284.875,173.3000030517578,0.0,2.569999933242798,755.6599731445312,402.7900085449219,69.4520034790039,23.399999618530273,193.75999450683594
49,2024-02-21,182.32000732421875,51839.1796875,162.41000366210938,0.0,2.549999952316284,745.9099731445312,402.17999267578125,67.47200012207031,22.739999771118164,194.77000427246094
50,2024-02-22,184.3699951171875,51304.97265625,170.91000366210938,0.0,2.5799999237060547,769.6400146484375,411.6499938964844,78.53800201416016,23.59000015258789,197.41000366210938
51,2024-02-23,182.52000427246094,50731.94921875,165.97999572753906,0.0,2.630000114440918,769.5399780273438,410.3399963378906,78.81700134277344,22.969999313354492,191.97000122070312
52,2024-02-26,181.16000366210938,54522.40234375,193.94000244140625,0.0,2.7100000381469727,771.9199829101562,407.5400085449219,79.09200286865234,23.559999465942383,199.39999389648438
53,2024-02-27,182.6300048828125,57085.37109375,199.22000122070312,0.0,2.7100000381469727,765.0,407.4800109863281,78.70099639892578,24.530000686645508,199.72999572753906
54,2024-02-28,181.4199981689453,62504.7890625,200.8000030517578,0.0,2.569999933242798,757.6400146484375,407.7200012207031,77.66300201416016,24.420000076293945,202.0399932861328
55,2024-02-29,180.75,61198.3828125,203.55999755859375,0.0,2.5999999046325684,753.6799926757812,413.6400146484375,79.11199951171875,25.079999923706055,201.8800048828125
56,2024-03-01,179.66000366210938,62440.6328125,205.77000427246094,0.0,2.740000009536743,782.1199951171875,415.5,82.27899932861328,24.93000030517578,202.63999938964844
57,2024-03-04,175.10000610351562,68330.4140625,229.14999389648438,0.0,2.8399999141693115,792.280029296875,414.9200134277344,85.23699951171875,24.040000915527344,188.13999938964844
58,2024-03-05,170.1199951171875,63801.19921875,216.77000427246094,0.0,2.8299999237060547,777.5900268554688,402.6499938964844,85.96399688720703,23.809999465942383,180.74000549316406
59,2024-03-06,169.1199951171875,66106.8046875,238.5500030517578,0.0,3.0,779.77001953125,402.0899963378906,88.69999694824219,26.15999984741211,176.5399932861328
60,2024-03-07,169.0,66925.484375,242.6199951171875,0.0,3.0799999237060547,780.1599731445312,409.1400146484375,92.66899871826172,26.459999084472656,178.64999389648438
61,2024-03-08,170.72999572753906,68300.09375,256.6199951171875,0.0,3.140000104904175,762.1400146484375,406.2200012207031,87.52799987792969,26.040000915527344,175.33999633789062
62,2024-03-11,172.75,72123.90625,254.1699981689453,0.0,3.200000047683716,734.3699951171875,404.5199890136719,85.77400207519531,25.350000381469727,177.77000427246094
63,2024-03-12,173.22999572753906,71481.2890625,256.1400146484375,0.0,3.0899999141693115,754.9500122070312,415.2799987792969,91.91300201416016,24.700000762939453,177.5399932861328
64,2024-03-13,171.1300048828125,73083.5,251.72999572753906,0.0,3.130000114440918,757.8400268554688,415.1000061035156,90.88800048828125,25.0,169.47999572753906
65,2024-03-14,173.0,71396.59375,233.6699981689453,0.0,3.069999933242798,760.72998046875,425.2200012207031,87.94400024414062,24.43000030517578,162.5
66,2024-03-15,172.6199951171875,69403.7734375,242.36000061035156,0.0,3.0799999237060547,754.1699829101562,416.4200134277344,87.83699798583984,23.489999771118164,163.57000732421875
67,2024-03-18,173.72000122070312,67548.59375,239.6199951171875,0.0,3.0,762.6599731445312,417.32000732421875,88.45500183105469,24.0,173.8000030517578
68,2024-03-19,176.0800018310547,61912.7734375,230.1199951171875,0.0,2.950000047683716,772.780029296875,421.4100036621094,89.39800262451172,23.799999237060547,171.32000732421875
69,2024-03-20,178.6699981689453,67913.671875,256.8800048828125,0.0,3.0799999237060547,772.8599853515625,425.2300109863281,90.37200164794922,24.56999969482422,175.66000366210938
70,2024-03-21,171.3699951171875,65491.390625,262.0,0.0,3.009999990463257,770.260009765625,429.3699951171875,91.43499755859375,24.489999771118164,172.82000732421875
71,2024-03-22,172.27999877929688,63778.76171875,255.50999450683594,0.0,2.9800000190734863,770.6099853515625,428.739990234375,94.28900146484375,24.18000030517578,170.8300018310547
72,2024-03-25,170.85000610351562,69958.8125,279.7099914550781,0.0,3.0899999141693115,773.1400146484375,422.8599853515625,95.00199890136719,24.510000228881836,172.6300048828125
73,2024-03-26,169.7100067138672,69987.8359375,266.80999755859375,0.0,3.0899999141693115,774.9000244140625,421.6499938964844,92.56099700927734,24.889999389648438,177.6699981689453
74,2024-03-27,173.30999755859375,69455.34375,256.70001220703125,0.0,3.190000057220459,778.1799926757812,421.42999267578125,90.25,24.510000228881836,179.8300018310547
75,2024-03-28,171.47999572753906,70744.953125,265.1199951171875,0.0,3.3299999237060547,777.9600219726562,420.7200012207031,90.35600280761719,23.010000228881836,175.7899932861328
76,2024-04-01,170.02999877929688,69702.1484375,252.11000061035156,0.0,3.6500000953674316,760.5499877929688,424.57000732421875,90.36299896240234,22.860000610351562,175.22000122070312
77,2024-04-02,168.83999633789062,65446.97265625,245.83999633789062,0.0,3.619999885559082,763.9600219726562,421.44000244140625,89.4520034790039,22.719999313354492,166.6300048828125
78,2024-04-03,169.64999389648438,65980.8125,251.5800018310547,0.0,3.6500000953674316,775.989990234375,420.45001220703125,88.96399688720703,22.700000762939453,168.3800048828125
79,2024-04-04,168.82000732421875,68508.84375,249.61000061035156,0.0,3.5999999046325684,768.0800170898438,417.8800048828125,85.90499877929688,22.479999542236328,171.11000061035156
80,2024-04-05,169.5800018310547,67837.640625,240.89999389648438,0.0,3.7200000286102295,784.2100219726562,425.5199890136719,88.00800323486328,22.959999084472656,164.89999389648438
81,2024-04-08,168.4499969482422,71631.359375,256.989990234375,0.0,3.5999999046325684,777.2899780273438,424.5899963378906,87.13300323486328,23.0,172.97999572753906
82,2024-04-09,169.6699981689453,69139.015625,242.9499969482422,0.0,3.6600000858306885,757.239990234375,426.2799987792969,85.35399627685547,22.809999465942383,176.8800048828125
83,2024-04-10,167.77999877929688,70587.8828125,250.99000549316406,0.0,3.619999885559082,761.97998046875,423.260009765625,87.03900146484375,22.420000076293945,171.75999450683594
84,2024-04-11,175.0399932861328,70060.609375,263.010009765625,0.0,3.759999990463257,759.5900268554688,427.92999267578125,90.61599731445312,22.84000015258789,174.60000610351562
85,2024-04-12,176.5500030517578,67195.8671875,245.75,0.0,3.609999895095825,751.6400146484375,421.8999938964844,88.18599700927734,22.670000076293945,171.0500030517578
86,2024-04-15,172.69000244140625,63426.2109375,223.41000366210938,0.0,3.569999933242798,750.77001953125,413.6400146484375,86.0009994506836,21.899999618530273,161.47999572753906
87,2024-04-16,169.3800048828125,63811.86328125,218.8300018310547,0.0,3.5399999618530273,746.739990234375,414.5799865722656,87.41500091552734,21.8799991607666,157.11000061035156
88,2024-04-17,168.0,61276.69140625,213.77999877929688,0.0,3.6600000858306885,750.77001953125,411.8399963378906,84.03500366210938,21.309999465942383,155.4499969482422
89,2024-04-18,167.0399932861328,63512.75390625,218.0800018310547,0.0,3.640000104904175,745.9500122070312,404.2699890136719,84.6709976196289,21.1299991607666,149.92999267578125
90,2024-04-19,165.0,63843.5703125,211.00999450683594,0.0,3.6600000858306885,726.3099975585938,399.1199951171875,76.19999694824219,20.469999313354492,147.0500030517578
91,2024-04-22,165.83999633789062,66837.6796875,225.86000061035156,0.0,3.490000009536743,731.3300170898438,400.9599914550781,79.51799774169922,20.969999313354492,142.0500030517578
92,2024-04-23,166.89999389648438,66407.2734375,236.42999267578125,0.0,3.7100000381469727,745.6900024414062,407.57000732421875,82.4229965209961,21.639999389648438,144.67999267578125
93,2024-04-24,169.02000427246094,64276.8984375,224.3699951171875,0.0,3.5999999046325684,732.2000122070312,409.05999755859375,79.677001953125,21.59000015258789,162.1300048828125
94,2024-04-25,169.88999938964844,64481.70703125,223.61000061035156,0.0,3.7100000381469727,724.8699951171875,399.0400085449219,82.63200378417969,21.709999084472656,170.17999267578125
95,2024-04-26,169.3000030517578,63755.3203125,236.32000732421875,0.0,3.7799999713897705,733.510009765625,406.32000732421875,87.73500061035156,22.520000457763672,168.2899932861328
96,2024-04-29,173.5,63841.12109375,218.16000366210938,0.0,3.799999952316284,737.2000122070312,402.25,87.75700378417969,22.829999923706055,194.0500030517578
97,2024-04-30,170.3300018310547,60636.85546875,203.92999267578125,0.0,3.559999942779541,781.0999755859375,389.3299865722656,86.4020004272461,21.969999313354492,183.27999877929688
98,2024-05-01,169.3000030517578,58254.01171875,210.08999633789062,0.0,3.619999885559082,776.75,394.94000244140625,83.04100036621094,22.1200008392334,179.99000549316406
99,2024-05-02,173.02999877929688,59123.43359375,228.85000610351562,0.0,3.6600000858306885,755.9099731445312,397.8399963378906,85.81700134277344,22.549999237060547,180.00999450683594
100,2024-05-03,183.3800048828125,62889.8359375,223.25,0.0,3.5899999141693115,734.969970703125,406.6600036621094,88.78900146484375,23.329999923706055,181.19000244140625
101,2024-05-06,181.7100067138672,63161.94921875,226.92999267578125,0.0,3.740000009536743,766.6799926757812,413.5400085449219,92.13999938964844,25.209999084472656,184.75999450683594
102,2024-05-07,182.39999389648438,62334.81640625,214.33999633789062,0.0,3.7899999618530273,777.77001953125,409.3399963378906,90.55400085449219,21.399999618530273,177.80999755859375
103,2024-05-08,182.74000549316406,61187.94140625,211.1999969482422,0.0,3.7799999713897705,775.0,410.5400085449219,90.41200256347656,21.559999465942383,174.72000122070312
104,2024-05-09,184.57000732421875,63049.9609375,210.4499969482422,0.0,3.8499999046325684,771.5499877929688,412.32000732421875,88.74700164794922,21.139999389648438,171.97000122070312
105,2024-05-10,183.0500030517578,60792.77734375,200.9199981689453,0.0,4.300000190734863,760.0,414.739990234375,89.87799835205078,20.600000381469727,168.47000122070312
106,2024-05-13,186.27999877929688,62901.44921875,199.50999450683594,0.0,4.210000038146973,757.7000122070312,413.7200012207031,90.39900207519531,20.940000534057617,171.88999938964844
107,2024-05-14,187.42999267578125,61552.7890625,203.0500030517578,0.0,4.440000057220459,763.97998046875,416.55999755859375,91.35600280761719,21.440000534057617,177.5500030517578
108,2024-05-15,189.72000122070312,66267.4921875,219.91000366210938,0.0,4.480000019073486,787.02001953125,423.0799865722656,94.62999725341797,21.670000076293945,173.99000549316406
109,2024-05-16,189.83999633789062,65231.58203125,199.1699981689453,0.0,4.400000095367432,771.1199951171875,420.989990234375,94.35900115966797,21.649999618530273,174.83999633789062
110,2024-05-17,189.8699951171875,67051.875,207.60000610351562,0.0,4.519999980926514,770.0,420.2099914550781,92.47899627685547,21.760000228881836,177.4600067138672
111,2024-05-20,191.0399932861328,71448.1953125,225.19000244140625,0.0,4.53000020980835,783.1799926757812,425.3399963378906,94.77999877929688,21.6200008392334,174.9499969482422
112,2024-05-21,192.35000610351562,70136.53125,225.77999877929688,0.0,4.489999771118164,803.1699829101562,429.0400085449219,95.38600158691406,21.239999771118164,186.60000610351562
113,2024-05-22,190.89999389648438,69122.3359375,231.50999450683594,0.0,4.010000228881836,802.9099731445312,430.5199890136719,94.94999694824219,21.170000076293945,180.11000061035156
114,2024-05-23,186.8800048828125,67929.5625,218.86000061035156,0.0,3.869999885559082,808.4500122070312,427.0,103.79900360107422,20.719999313354492,173.74000549316406
115,2024-05-24,189.97999572753906,68526.1015625,237.64999389648438,0.0,4.0,807.4299926757812,430.1600036621094,106.46900177001953,21.010000228881836,179.24000549316406
116,2024-05-28,189.99000549316406,68296.21875,245.0,0.0,4.090000152587891,807.8599853515625,430.32000732421875,113.9010009765625,21.049999237060547,176.75
117,2024-05-29,190.2899932861328,67578.09375,236.64999389648438,0.0,3.990000009536743,811.530029296875,429.1700134277344,114.82499694824219,20.940000534057617,176.19000244140625
118,2024-05-30,191.2899932861328,68364.9921875,234.75999450683594,0.0,4.019999980926514,815.0599975585938,414.6700134277344,110.5,21.729999542236328,178.7899932861328
119,2024-05-31,192.25,67491.4140625,225.9199981689453,0.0,3.950000047683716,820.3400268554688,415.1300048828125,109.63300323486328,21.68000030517578,178.0800018310547
120,2024-06-03,194.02999877929688,68804.78125,231.38999938964844,0.0,3.8499999046325684,831.260009765625,413.5199890136719,115.0,21.31999969482422,176.2899932861328
121,2024-06-04,194.35000610351562,70567.765625,244.1999969482422,0.0,3.7100000381469727,832.5900268554688,416.07000732421875,116.43699645996094,22.100000381469727,174.77000427246094
122,2024-06-05,195.8699951171875,71082.8203125,251.39999389648438,0.0,3.8299999237060547,831.760009765625,424.010009765625,122.44000244140625,22.959999084472656,175.0
123,2024-06-06,194.47999572753906,70757.1640625,257.0799865722656,0.0,3.9800000190734863,837.2899780273438,424.5199890136719,120.99800109863281,23.790000915527344,177.94000244140625
124,2024-06-07,196.88999938964844,69342.5859375,244.16000366210938,0.0,3.5799999237060547,849.989990234375,423.8500061035156,120.88800048828125,23.309999465942383,177.47999572753906
125,2024-06-10,193.1199951171875,69512.28125,249.80999755859375,0.0,3.6600000858306885,865.0,427.8699951171875,121.79000091552734,23.1299991607666,173.7899932861328
126,2024-06-11,207.14999389648438,67332.03125,244.1999969482422,0.0,3.609999895095825,865.8200073242188,432.67999267578125,120.91000366210938,23.850000381469727,170.66000366210938
127,2024-06-12,213.07000732421875,68241.1875,254.9600067138672,0.0,3.640000104904175,867.2999877929688,441.05999755859375,125.19999694824219,23.770000457763672,177.2899932861328
128,2024-06-13,214.24000549316406,66756.3984375,247.63999938964844,0.0,3.549999952316284,883.3300170898438,441.5799865722656,129.61000061035156,23.270000457763672,182.47000122070312
129,2024-06-14,212.49000549316406,66011.09375,244.5,0.0,3.619999885559082,878.4500122070312,442.57000732421875,131.8800048828125,23.56999969482422,178.00999450683594
130,2024-06-17,216.6699981689453,66490.296875,245.10000610351562,0.0,3.5999999046325684,885.010009765625,448.3699951171875,130.97999572753906,25.020000457763672,187.44000244140625
131,2024-06-18,214.2899932861328,65140.74609375,235.9499969482422,0.0,3.75,891.4600219726562,446.3399963378906,135.5800018310547,25.81999969482422,184.86000061035156
132,2024-06-20,209.67999267578125,64828.65625,235.02999877929688,0.0,3.8299999237060547,885.989990234375,445.70001220703125,130.77999877929688,25.559999465942383,181.57000732421875
133,2024-06-21,207.49000549316406,64096.19921875,225.86000061035156,0.0,3.700000047683716,883.8800048828125,449.7799987792969,126.56999969482422,23.84000015258789,183.00999450683594
134,2024-06-24,208.13999938964844,60277.4140625,212.30999755859375,0.0,3.7200000286102295,890.1099853515625,447.6700134277344,118.11000061035156,24.15999984741211,182.5800018310547
135,2024-06-25,209.07000732421875,61804.640625,221.7100067138672,0.0,3.690000057220459,904.6099853515625,450.95001220703125,126.08999633789062,24.559999465942383,187.35000610351562
136,2024-06-26,213.25,60811.27734375,214.5800018310547,0.0,3.7200000286102295,901.260009765625,452.1600036621094,126.4000015258789,24.100000381469727,196.3699951171875
137,2024-06-27,214.10000610351562,61604.80078125,224.0,0.0,3.740000009536743,909.0399780273438,452.8500061035156,123.98999786376953,25.219999313354492,197.4199981689453
138,2024-06-28,210.6199951171875,60320.13671875,222.22999572753906,0.0,3.75,905.3800048828125,446.95001220703125,123.54000091552734,25.329999923706055,197.8800048828125
139,2024-07-01,216.75,62851.98046875,233.3699951171875,0.0,3.6600000858306885,914.3699951171875,456.7300109863281,124.30000305175781,25.8799991607666,209.86000061035156
140,2024-07-02,220.27000427246094,62029.015625,227.50999450683594,0.0,3.680000066757202,906.7100219726562,459.2799987792969,122.66999816894531,25.829999923706055,231.25999450683594
141,2024-07-03,221.5500030517578,60173.921875,224.94000244140625,0.0,3.809999942779541,898.0999755859375,460.7699890136719,128.27999877929688,25.850000381469727,246.38999938964844
142,2024-07-05,226.33999633789062,56662.375,223.67999267578125,0.0,3.990000009536743,914.5700073242188,467.55999755859375,125.83000183105469,27.229999542236328,251.52000427246094
143,2024-07-08,227.82000732421875,56705.09765625,220.55999755859375,0.0,4.070000171661377,918.0,466.239990234375,128.1999969482422,27.700000762939453,252.94000244140625
144,2024-07-09,228.67999267578125,58009.2265625,219.97000122070312,0.0,4.070000171661377,932.5,459.5400085449219,131.3800048828125,27.389999389648438,262.3299865722656
145,2024-07-10,232.97999572753906,57742.49609375,219.55999755859375,0.0,4.190000057220459,939.780029296875,466.25,134.91000366210938,28.420000076293945,263.260009765625
146,2024-07-11,227.57000732421875,57344.9140625,214.6300048828125,0.0,4.230000019073486,934.1400146484375,454.70001220703125,127.4000015258789,27.639999389648438,241.02999877929688
147,2024-07-12,230.5399932861328,57899.46484375,218.02000427246094,0.0,4.210000038146973,948.4000244140625,453.54998779296875,129.24000549316406,28.06999969482422,248.22999572753906
148,2024-07-15,234.39999389648438,64870.15234375,242.85000610351562,0.0,4.119999885559082,950.4600219726562,453.9599914550781,128.44000244140625,28.670000076293945,252.63999938964844
149,2024-07-16,234.82000732421875,65097.1484375,251.49000549316406,0.0,4.25,941.5999755859375,449.5199890136719,126.36000061035156,28.670000076293945,256.55999755859375
150,2024-07-17,228.8800048828125,64118.79296875,249.10000610351562,0.0,4.130000114440918,905.5900268554688,443.5199890136719,117.98999786376953,28.219999313354492,248.5
151,2024-07-18,224.17999267578125,63974.06640625,233.24000549316406,0.0,4.050000190734863,848.9000244140625,440.3699951171875,121.08999633789062,28.639999389648438,249.22999572753906
152,2024-07-19,224.30999755859375,66710.15625,257.7900085449219,0.0,4.010000228881836,857.469970703125,437.1099853515625,117.93000030517578,28.579999923706055,239.1999969482422
153,2024-07-22,223.9600067138672,67585.25,265.1499938964844,0.0,4.079999923706055,865.969970703125,442.94000244140625,123.54000091552734,28.459999084472656,251.50999450683594
154,2024-07-23,225.00999450683594,65927.671875,257.6300048828125,32.70000076293945,4.079999923706055,878.2899780273438,444.8500061035156,122.58999633789062,28.809999465942383,246.3800048828125
155,2024-07-24,218.5399932861328,65372.1328125,245.05999755859375,31.700000762939453,4.0,859.8800048828125,428.8999938964844,114.25,26.600000381469727,215.99000549316406
156,2024-07-25,217.49000549316406,65777.2265625,231.52000427246094,29.399999618530273,3.9200000762939453,821.1900024414062,418.3999938964844,112.27999877929688,26.6299991607666,220.25
157,2024-07-26,217.9600067138672,67912.0625,242.92999267578125,30.799999237060547,3.9200000762939453,804.6199951171875,425.2699890136719,113.05999755859375,27.18000030517578,219.8000030517578
158,2024-07-29,218.24000549316406,66819.9140625,234.1999969482422,31.200000762939453,3.950000047683716,807.7899780273438,426.7300109863281,111.58999633789062,27.079999923706055,232.10000610351562
159,2024-07-30,218.8000030517578,66201.015625,224.4600067138672,30.799999237060547,4.03000020980835,790.2100219726562,422.9200134277344,103.7300033569336,26.3700008392334,222.6199951171875
160,2024-07-31,222.0800018310547,64619.25,224.36000061035156,30.799999237060547,4.119999885559082,804.27001953125,418.3500061035156,117.0199966430664,26.889999389648438,232.07000732421875
161,2024-08-01,218.36000061035156,65357.5,212.63999938964844,29.399999618530273,4.079999923706055,832.4400024414062,417.1099853515625,109.20999908447266,26.079999923706055,216.86000061035156
162,2024-08-02,219.86000061035156,61415.06640625,204.44000244140625,28.299999237060547,3.859999895095825,804.4600219726562,408.489990234375,107.2699966430664,24.739999771118164,207.6699981689453
163,2024-08-05,209.27000427246094,53991.45703125,189.47000122070312,22.700000762939453,3.7100000381469727,775.260009765625,395.1499938964844,100.44999694824219,24.09000015258789,198.8800048828125
164,2024-08-06,207.22999572753906,56034.31640625,194.1699981689453,23.5,3.759999990463257,793.1799926757812,399.6099853515625,104.25,26.59000015258789,200.63999938964844
165,2024-08-07,209.82000732421875,55027.4609375,178.91000366210938,22.100000381469727,3.5799999237060547,772.1400146484375,398.42999267578125,98.91000366210938,26.31999969482422,191.75999450683594
166,2024-08-08,213.30999755859375,61710.13671875,192.32000732421875,24.299999237060547,3.680000066757202,845.3099975585938,402.69000244140625,104.97000122070312,29.280000686645508,198.83999633789062
167,2024-08-09,216.24000549316406,60880.11328125,196.2899932861328,24.450000762939453,4.28000020980835,891.6799926757812,406.0199890136719,104.75,30.010000228881836,200.0
168,2024-08-12,217.52999877929688,59354.515625,191.74000549316406,25.100000381469727,4.71999979019165,884.3800048828125,406.80999755859375,109.0199966430664,29.3799991607666,197.49000549316406
169,2024-08-13,221.27000427246094,60609.56640625,197.94000244140625,25.5,4.869999885559082,908.0499877929688,414.010009765625,116.13999938964844,30.389999389648438,207.8300018310547
170,2024-08-14,221.72000122070312,58737.26953125,195.9600067138672,25.100000381469727,4.869999885559082,931.6799926757812,416.8599853515625,118.08000183105469,31.0,201.3800048828125
171,2024-08-15,224.72000122070312,57560.09765625,197.1199951171875,24.100000381469727,4.900000095367432,931.5800170898438,421.0299987792969,122.86000061035156,31.219999313354492,214.13999938964844
172,2024-08-16,226.0500030517578,58894.10546875,205.30999755859375,24.799999237060547,5.079999923706055,922.1199951171875,418.4700012207031,124.58000183105469,32.08000183105469,216.1199951171875
173,2024-08-19,225.88999938964844,59493.453125,204.4600067138672,24.600000381469727,5.119999885559082,921.8099975585938,421.5299987792969,130.0,32.5,222.72000122070312
174,2024-08-20,226.50999450683594,59012.79296875,197.25,24.600000381469727,5.170000076293945,949.969970703125,424.79998779296875,127.25,32.31999969482422,221.10000610351562
175,2024-08-21,226.39999389648438,61175.19140625,206.22999572753906,25.0,5.269999980926514,951.969970703125,424.1400146484375,128.5,32.540000915527344,223.27000427246094
176,2024-08-22,224.52999877929688,60381.9140625,198.42999267578125,24.5,5.170000076293945,954.1699829101562,415.54998779296875,123.73999786376953,31.920000076293945,210.66000366210938
177,2024-08-23,226.83999633789062,64094.35546875,211.39999389648438,25.899999618530273,5.210000038146973,952.739990234375,416.7900085449219,129.3699951171875,31.780000686645508,220.32000732421875
178,2024-08-26,227.17999267578125,62880.66015625,204.0,25.299999237060547,5.150000095367432,950.530029296875,413.489990234375,126.45999908447266,30.850000381469727,213.2100067138672
179,2024-08-27,228.02999877929688,59504.1328125,198.3000030517578,24.399999618530273,5.159999847412109,954.47998046875,413.8399963378906,128.3000030517578,30.84000015258789,209.2100067138672
180,2024-08-28,226.49000549316406,59027.625,190.1999969482422,23.600000381469727,4.940000057220459,948.9400024414062,410.6000061035156,125.61000061035156,30.360000610351562,205.75
181,2024-08-29,229.7899932861328,59388.1796875,188.27999877929688,23.799999237060547,5.019999980926514,940.2000122070312,413.1199951171875,117.58999633789062,31.0,206.27999877929688
182,2024-08-30,229.0,59119.4765625,183.36000061035156,23.600000381469727,4.940000057220459,960.02001953125,417.1400146484375,119.37000274658203,31.479999542236328,214.11000061035156
183,2024-09-03,222.77000427246094,57431.0234375,169.1300048828125,23.0,4.860000133514404,956.530029296875,409.44000244140625,108.0,30.510000228881836,210.60000610351562
184,2024-09-04,220.85000610351562,57971.5390625,163.22000122070312,23.200000762939453,4.809999942779541,946.3099975585938,408.8999938964844,106.20999908447266,30.59000015258789,219.41000366210938
185,2024-09-05,222.3800048828125,56160.48828125,159.6999969482422,22.200000762939453,5.019999980926514,912.75,408.3900146484375,107.20999908447266,30.15999984741211,230.1699981689453
186,2024-09-06,220.82000732421875,53948.75390625,147.35000610351562,20.899999618530273,4.809999942779541,902.7100219726562,401.70001220703125,102.83000183105469,30.329999923706055,210.72999572753906
187,2024-09-09,220.91000366210938,57019.53515625,155.0500030517578,22.200000762939453,4.809999942779541,908.27001953125,405.7200012207031,106.47000122070312,34.599998474121094,216.27000427246094
188,2024-09-10,220.11000061035156,57648.7109375,158.4600067138672,22.399999618530273,4.860000133514404,901.25,414.20001220703125,108.0999984741211,34.7599983215332,226.1699981689453
189,2024-09-11,222.66000366210938,57343.171875,157.14999389648438,22.0,4.940000057220459,920.8900146484375,423.0400085449219,116.91000366210938,34.849998474121094,228.1300048828125
190,2024-09-12,222.77000427246094,58127.01171875,162.88999938964844,22.299999237060547,5.349999904632568,935.02001953125,427.0,119.13999938964844,34.90999984741211,229.80999755859375
191,2024-09-13,222.5,60571.30078125,163.0500030517578,22.799999237060547,5.420000076293945,923.7100219726562,430.5899963378906,119.0999984741211,35.59000015258789,230.2899932861328
192,2024-09-16,216.32000732421875,58192.5078125,161.5,21.399999618530273,5.460000038146973,923.5399780273438,431.3399963378906,116.77999877929688,36.310001373291016,226.77999877929688
193,2024-09-17,216.7899932861328,60308.5390625,162.4499969482422,22.200000762939453,5.400000095367432,906.1799926757812,435.1499938964844,115.58999633789062,36.45000076293945,227.8699951171875
194,2024-09-18,220.69000244140625,61649.6796875,162.63999938964844,21.799999237060547,5.289999961853027,904.969970703125,430.80999755859375,113.37000274658203,36.380001068115234,227.1999969482422
195,2024-09-19,228.8699951171875,62940.45703125,168.24000549316406,23.299999237060547,5.309999942779541,915.0399780273438,438.69000244140625,117.87000274658203,36.83000183105469,243.9199981689453
196,2024-09-20,228.1999969482422,63192.9765625,170.08999633789062,24.0,5.480000019073486,921.489990234375,435.2699890136719,116.0,37.20000076293945,238.25
197,2024-09-23,226.47000122070312,63329.80078125,170.22000122070312,25.200000762939453,5.389999866485596,918.52001953125,433.510009765625,116.26000213623047,37.95000076293945,250.0
198,2024-09-24,227.3699951171875,64301.96875,171.67999267578125,25.0,5.46999979019165,924.4299926757812,429.1700134277344,120.87000274658203,36.900001525878906,254.27000427246094
199,2024-09-25,226.3699951171875,63143.14453125,167.0800018310547,24.200000762939453,5.5,924.5599975585938,432.1099853515625,123.51000213623047,37.119998931884766,257.0199890136719
200,2024-09-26,227.52000427246094,65181.01953125,179.92999267578125,25.0,5.519999980926514,909.3200073242188,431.30999755859375,124.04000091552734,37.099998474121094,254.22000122070312
201,2024-09-27,227.7899932861328,65790.6640625,191.22999572753906,25.5,5.28000020980835,877.7899780273438,428.0199890136719,121.4000015258789,36.84000015258789,260.4599914550781
202,2024-09-30,233.0,63329.5,178.1699981689453,24.399999618530273,5.230000019073486,885.9400024414062,430.29998779296875,121.44000244140625,37.20000076293945,261.6300048828125
203,2024-10-01,226.2100067138672,60837.0078125,165.00999450683594,23.5,5.340000152587891,884.47998046875,420.69000244140625,117.0,36.459999084472656,258.0199890136719
204,2024-10-02,226.77999877929688,60632.78515625,164.47000122070312,22.399999618530273,5.320000171661377,891.0700073242188,417.1300048828125,118.8499984741211,37.4900016784668,249.02000427246094
205,2024-10-03,225.6699981689453,60759.40234375,163.10000610351562,22.200000762939453,5.139999866485596,885.5499877929688,416.5400085449219,122.8499984741211,39.2400016784668,240.66000366210938
206,2024-10-04,226.8000030517578,62067.4765625,170.91000366210938,22.899999618530273,5.039999961853027,887.1599731445312,416.05999755859375,124.91999816894531,40.0099983215332,250.0800018310547
207,2024-10-07,221.69000244140625,62236.66015625,168.9199981689453,23.100000381469727,4.539999961853027,898.4000244140625,409.5400085449219,127.72000122070312,38.88999938964844,240.8300018310547
208,2024-10-08,225.77000427246094,62131.96875,167.69000244140625,23.0,4.579999923706055,913.719970703125,414.7099914550781,132.88999938964844,41.45000076293945,244.5
209,2024-10-09,229.5399932861328,60582.1015625,166.97000122070312,22.700000762939453,4.550000190734863,919.739990234375,417.4599914550781,132.64999389648438,43.130001068115234,241.0500030517578
210,2024-10-10,229.0399932861328,60274.5,164.27000427246094,22.299999237060547,4.849999904632568,910.6900024414062,415.8399963378906,134.80999755859375,43.52000045776367,238.77000427246094
211,2024-10-11,227.5500030517578,62445.08984375,176.3800048828125,23.200000762939453,4.829999923706055,932.0599975585938,416.32000732421875,134.8000030517578,43.5099983215332,217.8000030517578
212,2024-10-14,231.3000030517578,66046.125,196.35000610351562,24.700000762939453,4.769999980926514,929.510009765625,419.1400146484375,138.07000732421875,43.400001525878906,219.16000366210938
213,2024-10-15,233.85000610351562,67041.109375,196.33999633789062,24.5,4.920000076293945,913.3200073242188,418.739990234375,131.60000610351562,42.43000030517578,219.57000732421875
214,2024-10-16,231.77999877929688,67612.71875,210.47999572753906,24.700000762939453,5.079999923706055,916.4199829101562,416.1199951171875,135.72000122070312,41.93000030517578,221.3300018310547
215,2024-10-17,232.14999389648438,67399.8359375,204.1999969482422,24.399999618530273,5.110000133514404,917.1199951171875,416.7200012207031,136.92999267578125,42.0,220.88999938964844
216,2024-10-18,235.0,68418.7890625,220.2100067138672,25.0,5.96999979019165,917.969970703125,418.1600036621094,138.0,42.970001220703125,220.6999969482422
217,2024-10-21,236.47999572753906,67367.8515625,213.72000122070312,25.200000762939453,6.150000095367432,906.1300048828125,418.7799987792969,143.7100067138672,42.70000076293945,218.85000610351562
218,2024-10-22,235.86000061035156,67361.40625,210.72000122070312,24.799999237060547,6.110000133514404,909.1500244140625,427.510009765625,143.58999633789062,42.939998626708984,217.97000122070312
219,2024-10-23,230.75999450683594,66432.1953125,198.92999267578125,23.600000381469727,5.929999828338623,903.25,424.6000061035156,139.55999755859375,42.59000015258789,213.64999389648438
220,2024-10-24,230.57000732421875,68161.0546875,209.16000366210938,24.0,5.989999771118164,891.3200073242188,424.7300109863281,140.41000366210938,43.560001373291016,260.4800109863281
221,2024-10-25,231.41000366210938,66642.4140625,205.0399932861328,23.200000762939453,5.769999980926514,892.7000122070312,428.1499938964844,141.5399932861328,44.86000061035156,269.19000244140625
222,2024-10-28,233.39999389648438,69907.7578125,216.10000610351562,23.600000381469727,5.650000095367432,895.5900268554688,426.5899963378906,140.52000427246094,44.970001220703125,262.510009765625
223,2024-10-29,233.6699981689453,72720.4921875,219.66000366210938,24.700000762939453,5.769999980926514,903.5800170898438,431.95001220703125,141.25,44.93000030517578,259.5199890136719
224,2024-10-30,230.10000610351562,72339.5390625,211.74000549316406,25.0,5.690000057220459,846.8300170898438,432.5299987792969,139.33999633789062,43.689998626708984,257.54998779296875
225,2024-10-31,225.91000366210938,70215.1875,179.25,23.600000381469727,5.539999961853027,829.739990234375,406.3500061035156,132.75999450683594,41.560001373291016,249.85000610351562
226,2024-11-01,222.91000366210938,69482.46875,182.8800048828125,23.700000762939453,5.400000095367432,818.9299926757812,410.3699951171875,135.39999389648438,41.91999816894531,248.97999572753906
227,2024-11-04,222.00999450683594,67811.5078125,186.27000427246094,22.799999237060547,5.289999961853027,806.1400146484375,408.4599914550781,136.0500030517578,41.40999984741211,242.83999633789062
228,2024-11-05,223.4499969482422,69359.5625,193.9600067138672,22.799999237060547,5.329999923706055,806.0599975585938,411.4599914550781,139.91000366210938,51.130001068115234,251.44000244140625
229,2024-11-06,222.72000122070312,75639.078125,254.30999755859375,25.5,5.179999828338623,776.3800048828125,420.17999267578125,145.61000061035156,55.529998779296875,288.5299987792969
230,2024-11-07,227.47999572753906,75904.859375,255.5800018310547,27.399999618530273,5.320000171661377,797.4500122070312,425.42999267578125,148.8800048828125,55.880001068115234,296.9100036621094
231,2024-11-08,226.9600067138672,76545.4765625,270.739990234375,27.700000762939453,5.690000057220459,831.5399780273438,422.5400085449219,147.6300048828125,58.38999938964844,321.2200012207031
232,2024-11-11,224.22999572753906,88701.484375,324.239990234375,31.700000762939453,5.21999979019165,832.4400024414062,418.010009765625,145.25999450683594,60.2400016784668,350.0
233,2024-11-12,224.22999572753906,87955.8125,319.1300048828125,31.100000381469727,5.03000020980835,818.8599853515625,423.0299987792969,148.2899932861328,59.849998474121094,328.489990234375
234,2024-11-13,225.1199951171875,90584.1640625,284.7200012207031,29.899999618530273,4.980000019073486,811.8099975585938,425.20001220703125,146.27000427246094,60.70000076293945,330.239990234375
235,2024-11-14,228.22000122070312,87250.4296875,278.8399963378906,29.200000762939453,4.980000019073486,786.22998046875,426.8900146484375,146.75999450683594,59.18000030517578,311.17999267578125
236,2024-11-15,225.0,91066.0078125,305.8500061035156,29.100000381469727,4.940000057220459,746.2000122070312,415.0,141.97999572753906,65.7699966430664,320.7200012207031
237,2024-11-18,228.02000427246094,90542.640625,325.4100036621094,29.799999237060547,5.300000190734863,727.2000122070312,415.760009765625,140.14999389648438,61.2599983215332,338.739990234375
238,2024-11-19,228.27999877929688,92343.7890625,324.57000732421875,29.200000762939453,5.539999961853027,729.72998046875,417.7900085449219,147.00999450683594,62.97999954223633,346.0
239,2024-11-20,229.0,94339.4921875,320.010009765625,28.93000030517578,5.570000171661377,753.4099731445312,415.489990234375,145.88999938964844,62.119998931884766,342.0299987792969
240,2024-11-21,228.52000427246094,98504.7265625,295.2300109863281,31.639999389648438,5.699999809265137,749.9199829101562,412.8699951171875,146.6699981689453,61.36000061035156,339.6400146484375
241,2024-11-22,229.8699951171875,98997.6640625,304.6400146484375,31.049999237060547,5.699999809265137,748.010009765625,417.0,141.9499969482422,64.3499984741211,352.55999755859375
242,2024-11-25,232.8699951171875,93102.296875,312.2200012207031,33.06999969482422,5.329999923706055,755.0,418.7900085449219,136.02000427246094,64.6500015258789,338.5899963378906
243,2024-11-26,235.05999755859375,91985.3203125,293.2900085449219,31.290000915527344,5.369999885559082,789.3200073242188,427.989990234375,136.9199981689453,65.73999786376953,338.2300109863281
244,2024-11-27,234.92999267578125,95962.53125,310.9800109863281,34.279998779296875,5.389999866485596,788.1900024414062,422.989990234375,135.33999633789062,66.05000305175781,332.8900146484375
245,2024-11-29,237.3300018310547,97461.5234375,296.20001220703125,33.84000015258789,5.5,795.3499755859375,423.4599914550781,138.25,67.08000183105469,345.1600036621094
246,2024-12-02,239.58999633789062,95865.3046875,302.3999938964844,34.119998931884766,5.429999828338623,799.7999877929688,430.9800109863281,138.6300048828125,66.38999938964844,357.0899963378906
247,2024-12-03,242.64999389648438,96002.1640625,309.3500061035156,34.060001373291016,5.71999979019165,813.3300170898438,431.20001220703125,140.25999450683594,70.95999908447266,351.4200134277344
248,2024-12-04,243.00999450683594,98768.53125,330.94000244140625,36.70000076293945,5.670000076293945,829.8400268554688,437.4200134277344,145.13999938964844,69.8499984741211,357.92999267578125
249,2024-12-05,243.0399932861328,96593.5703125,320.57000732421875,36.099998474121094,5.590000152587891,825.6199951171875,442.6199951171875,145.05999755859375,71.87000274658203,369.489990234375
250,2024-12-06,242.83999633789062,99920.7109375,343.6199951171875,38.2599983215332,5.349999904632568,826.7100219726562,443.57000732421875,142.44000244140625,76.33999633789062,389.2200012207031
251,2024-12-09,246.75,97432.71875,310.5199890136719,35.29999923706055,5.539999961853027,803.5800170898438,446.0199890136719,138.80999755859375,72.45999908447266,389.7900085449219
252,2024-12-10,247.77000427246094,96675.4296875,302.4200134277344,34.43000030517578,5.630000114440918,799.5800170898438,443.3299865722656,135.07000732421875,70.88999938964844,400.989990234375
253,2024-12-11,246.49000549316406,101173.03125,313.80999755859375,36.189998626708984,5.920000076293945,796.030029296875,448.989990234375,139.30999755859375,72.51000213623047,424.7699890136719
254,2024-12-12,247.9600067138672,100043.0,312.9599914550781,36.66999816894531,5.559999942779541,782.3499755859375,449.55999755859375,137.33999633789062,73.19999694824219,418.1000061035156
255,2024-12-13,248.1300048828125,101459.2578125,310.5799865722656,36.97999954223633,5.340000152587891,789.1199951171875,447.2699890136719,134.25,76.06999969482422,436.2300109863281
256,2024-12-16,251.0399932861328,106029.71875,315.30999755859375,38.16999816894531,5.309999942779541,779.0,451.5899963378906,132.0,75.75,463.0199890136719
257,2024-12-17,253.47999572753906,106140.6015625,311.6400146484375,37.09000015258789,5.309999942779541,778.6199951171875,454.4599914550781,130.38999938964844,74.38999938964844,479.8599853515625
258,2024-12-18,248.0500030517578,100041.5390625,279.8599853515625,34.790000915527344,5.079999923706055,764.7100219726562,437.3900146484375,128.91000366210938,71.51000213623047,440.1300048828125
259,2024-12-19,249.7899932861328,97490.953125,273.9200134277344,31.829999923706055,5.090000152587891,757.5399780273438,437.0299987792969,130.67999267578125,74.20999908447266,436.1700134277344
260,2024-12-20,254.49000549316406,97755.9296875,278.7099914550781,32.41999816894531,5.199999809265137,767.760009765625,436.6000061035156,134.6999969482422,80.55000305175781,421.05999755859375
261,2024-12-23,255.27000427246094,94686.2421875,268.1499938964844,32.04999923706055,5.179999828338623,796.280029296875,435.25,139.6699981689453,80.69000244140625,430.6000061035156
262,2024-12-24,258.20001220703125,98676.09375,279.6199951171875,33.040000915527344,5.150000095367432,795.6699829101562,439.3299865722656,140.22000122070312,82.37999725341797,462.2799987792969
263,2024-12-26,259.0199890136719,95795.515625,274.4100036621094,31.3700008392334,5.199999809265137,794.1400146484375,438.1099853515625,139.92999267578125,82.13999938964844,454.1300048828125
264,2024-12-27,255.58999633789062,94164.859375,265.7099914550781,31.420000076293945,5.159999847412109,783.1699829101562,430.5299987792969,137.00999450683594,79.08000183105469,431.6600036621094
265,2024-12-30,252.1999969482422,92643.2109375,255.55999755859375,32.0099983215332,5.059999942779541,773.8400268554688,424.8299865722656,137.49000549316406,77.18000030517578,417.4100036621094
266,2024-12-31,250.4199981689453,93429.203125,248.3000030517578,31.489999771118164,5.159999847412109,772.0,421.5,134.2899932861328,75.62999725341797,403.8399963378906
267,2025-01-02,243.85000610351562,96886.875,257.2099914550781,32.560001373291016,5.579999923706055,778.0700073242188,418.5799865722656,138.30999755859375,75.19000244140625,379.2799987792969
268,2025-01-03,243.36000061035156,98107.4296875,270.6499938964844,33.970001220703125,5.510000228881836,781.97998046875,423.3500061035156,144.47000122070312,79.88999938964844,410.44000244140625
269,2025-01-06,245.0,102078.0859375,287.760009765625,34.75,5.389999866485596,765.0999755859375,427.8500061035156,149.42999267578125,75.91999816894531,411.04998779296875
270,2025-01-07,242.2100067138672,96922.703125,264.3299865722656,31.950000762939453,5.480000019073486,773.2899780273438,422.3699951171875,140.13999938964844,69.98999786376953,394.3599853515625
271,2025-01-08,242.6999969482422,95043.5234375,260.010009765625,30.93000030517578,5.650000095367432,787.219970703125,424.55999755859375,140.11000061035156,68.2300033569336,394.94000244140625
272,2025-01-10,236.85000610351562,94701.453125,258.7799987792969,30.739999771118164,5.670000076293945,799.9000244140625,418.95001220703125,135.91000366210938,67.26000213623047,394.739990234375
273,2025-01-13,234.39999389648438,94516.5234375,251.1999969482422,29.149999618530273,5.46999979019165,797.47998046875,417.19000244140625,133.22999572753906,64.9800033569336,403.30999755859375
274,2025-01-14,233.27999877929688,96534.046875,255.3699951171875,30.3700008392334,5.559999942779541,744.9099731445312,415.6700134277344,131.75999450683594,65.91000366210938,396.3599853515625
275,2025-01-15,237.8699951171875,100504.4921875,274.92999267578125,32.380001068115234,5.340000152587891,746.739990234375,426.30999755859375,136.24000549316406,68.13999938964844,428.2200012207031
276,2025-01-16,228.25999450683594,99756.90625,281.6300048828125,31.450000762939453,5.449999809265137,757.5999755859375,424.5799865722656,133.57000732421875,69.23999786376953,413.82000732421875
277,2025-01-17,229.97999572753906,104462.0390625,295.4800109863281,33.189998626708984,5.579999923706055,725.719970703125,429.0299987792969,137.7100067138672,71.7699966430664,426.5
278,2025-01-21,222.63999938964844,106146.265625,294.19000244140625,31.229999542236328,5.769999980926514,742.3499755859375,428.5,140.8300018310547,73.06999969482422,424.07000732421875
