Index,Date,AAPL,AMZN,BABA,BRK-A,FXAIX,MSCI,MSFT,NVDA,SWPPX,TGT
1,2023-12-11,193.17999267578125,145.88999938964844,71.37000274658203,546907.0,160.92999267578125,516.6099853515625,371.29998779296875,46.62699890136719,70.77999877929688,136.75999450683594
2,2023-12-12,194.7100067138672,147.47999572753906,71.38999938964844,549240.0,161.67999267578125,526.02001953125,374.3800048828125,47.65700149536133,71.11000061035156,135.66000366210938
3,2023-12-13,197.9600067138672,148.83999633789062,71.45999908447266,555800.0,163.88999938964844,546.3699951171875,374.3699951171875,48.0880012512207,72.08000183105469,138.3800048828125
4,2023-12-14,198.11000061035156,147.4199981689453,72.51000213623047,549760.0,164.36000061035156,542.1099853515625,365.92999267578125,48.349998474121094,72.29000091552734,141.13999938964844
5,2023-12-15,197.57000732421875,149.97000122070312,74.51000213623047,544478.0,163.66000366210938,531.5800170898438,370.7300109863281,48.88999938964844,72.29000091552734,138.3699951171875
6,2023-12-18,195.88999938964844,154.07000732421875,73.83999633789062,551182.0,164.39999389648438,532.8599853515625,372.6499938964844,50.07699966430664,72.62000274658203,137.72000122070312
7,2023-12-19,196.94000244140625,153.7899932861328,75.38999938964844,554650.0,165.3800048828125,542.530029296875,373.260009765625,49.604000091552734,73.05000305175781,139.5800018310547
8,2023-12-20,194.8300018310547,152.1199951171875,73.3499984741211,543740.0,162.97000122070312,540.1799926757812,370.6199951171875,48.111000061035156,71.9800033569336,136.89999389648438
9,2023-12-21,194.67999267578125,153.83999633789062,76.26000213623047,541000.0,164.64999389648438,553.02001953125,373.5400085449219,48.9900016784668,72.7300033569336,139.3699951171875
10,2023-12-22,193.60000610351562,153.4199981689453,75.27999877929688,542600.0,164.9199981689453,562.280029296875,374.5799865722656,48.83000183105469,72.8499984741211,140.1999969482422
11,2023-12-26,193.0500030517578,153.41000366210938,75.8499984741211,543635.0,165.6199951171875,561.27001953125,374.6600036621094,49.27899932861328,73.1500015258789,141.02999877929688
12,2023-12-27,193.14999389648438,153.33999633789062,76.11000061035156,543750.0,165.8699951171875,565.6199951171875,374.07000732421875,49.41699981689453,73.2699966430664,142.3800048828125
13,2023-12-28,193.5800018310547,153.3800048828125,77.23999786376953,545000.0,165.9499969482422,570.5999755859375,375.2799987792969,49.52199935913086,73.30000305175781,142.5399932861328
14,2023-12-29,192.52999877929688,151.94000244140625,77.51000213623047,542625.0,165.49000549316406,565.6500244140625,376.0400085449219,49.52199935913086,73.0999984741211,142.4199981689453
15,2024-01-02,185.63999938964844,149.92999267578125,74.76000213623047,549787.0,164.55999755859375,555.7999877929688,370.8699951171875,48.167999267578125,72.69000244140625,143.10000610351562
16,2024-01-03,184.25,148.47000122070312,76.58999633789062,556050.0,163.24000549316406,549.8699951171875,370.6000061035156,47.569000244140625,72.11000061035156,138.6699981689453
17,2024-01-04,181.91000366210938,144.57000732421875,74.66000366210938,551550.0,162.7100067138672,559.719970703125,367.94000244140625,47.99800109863281,71.87000274658203,140.25
18,2024-01-05,181.17999267578125,145.24000549316406,73.01000213623047,554300.0,163.0,538.0499877929688,367.75,49.09700012207031,72.0,140.75
19,2024-01-08,185.55999755859375,149.10000610351562,72.87999725341797,558780.0,165.30999755859375,543.1500244140625,374.69000244140625,52.25299835205078,73.0199966430664,141.72999572753906
20,2024-01-09,185.13999938964844,151.3699951171875,72.0199966430664,556500.0,165.08999633789062,539.75,375.7900085449219,53.13999938964844,72.91999816894531,143.77000427246094
21,2024-01-10,186.19000244140625,153.72999572753906,71.41000366210938,557590.0,166.02000427246094,546.6599731445312,382.7699890136719,54.349998474121094,73.33000183105469,144.08999633789062
22,2024-01-11,185.58999633789062,155.17999267578125,72.37999725341797,551695.0,165.9199981689453,550.280029296875,384.6300048828125,54.821998596191406,73.29000091552734,142.02000427246094
23,2024-01-12,185.9199981689453,154.6199951171875,71.83999633789062,551800.0,166.05999755859375,545.4600219726562,388.4700012207031,54.709999084472656,73.3499984741211,140.91000366210938
24,2024-01-16,183.6300048828125,153.16000366210938,69.45999908447266,547520.0,165.44000244140625,542.469970703125,390.2699890136719,56.38199996948242,73.06999969482422,141.07000732421875
25,2024-01-17,182.67999267578125,151.7100067138672,68.93000030517578,545250.0,164.50999450683594,538.1599731445312,389.4700012207031,56.053001403808594,72.66999816894531,138.74000549316406
26,2024-01-18,188.6300048828125,153.5,68.05000305175781,549477.0,165.97999572753906,546.4600219726562,393.8699951171875,57.106998443603516,73.30999755859375,137.39999389648438
27,2024-01-19,191.55999755859375,155.33999633789062,69.41999816894531,556710.0,168.02999877929688,553.9299926757812,398.6700134277344,59.49100112915039,74.22000122070312,138.13999938964844
28,2024-01-22,193.88999938964844,154.77999877929688,68.62999725341797,558316.0,168.39999389648438,566.219970703125,396.510009765625,59.65399932861328,74.37999725341797,140.36000061035156
29,2024-01-23,195.17999267578125,156.02000427246094,74.0199966430664,564133.0,168.88999938964844,563.7999877929688,398.8999938964844,59.87300109863281,74.5999984741211,140.8800048828125
30,2024-01-24,194.5,156.8699951171875,75.19999694824219,570977.0,169.02999877929688,558.4600219726562,402.55999755859375,61.36199951171875,74.66000366210938,139.1999969482422
31,2024-01-25,194.1699981689453,157.75,73.8499984741211,576211.0,169.92999267578125,554.77001953125,404.8699951171875,61.617000579833984,75.05999755859375,142.17999267578125
32,2024-01-26,192.4199981689453,159.1199951171875,74.01000213623047,582300.0,169.82000732421875,549.2899780273438,403.92999267578125,61.03099822998047,75.01000213623047,142.52999877929688
33,2024-01-29,191.72999572753906,161.25999450683594,73.58000183105469,578800.0,171.11000061035156,550.9500122070312,409.7200012207031,62.46500015258789,75.58000183105469,141.52000427246094
34,2024-01-30,188.0399932861328,159.0,72.31999969482422,584680.0,171.02000427246094,602.239990234375,408.5899963378906,62.77399826049805,75.54000091552734,140.52000427246094
35,2024-01-31,184.39999389648438,155.1999969482422,72.16999816894531,578020.0,168.27000427246094,598.6199951171875,397.5799865722656,61.527000427246094,74.31999969482422,139.0800018310547
36,2024-02-01,186.86000061035156,159.27999877929688,72.45999908447266,581600.0,170.3800048828125,604.2999877929688,403.7799987792969,63.027000427246094,75.26000213623047,144.4199981689453
37,2024-02-02,185.85000610351562,171.80999755859375,71.8499984741211,589498.0,172.2100067138672,593.0599975585938,411.2200012207031,66.16000366210938,76.05999755859375,145.49000549316406
38,2024-02-05,187.67999267578125,170.30999755859375,74.62999725341797,589404.0,171.66000366210938,583.3900146484375,405.6499938964844,69.33200073242188,75.81999969482422,142.3300018310547
39,2024-02-06,189.3000030517578,169.14999389648438,78.2300033569336,592370.0,172.05999755859375,582.0,405.489990234375,68.2229995727539,76.0,144.42999267578125
40,2024-02-07,189.41000366210938,170.52999877929688,73.63999938964844,599300.0,173.47999572753906,590.6300048828125,414.04998779296875,70.0989990234375,76.62999725341797,146.72999572753906
41,2024-02-08,188.32000732421875,169.83999633789062,70.77999877929688,597000.0,173.60000610351562,585.5,414.1099853515625,69.64099884033203,76.68000030517578,147.39999389648438
42,2024-02-09,188.85000610351562,174.4499969482422,72.0199966430664,599090.0,174.6199951171875,592.4199829101562,420.54998779296875,72.13300323486328,77.12999725341797,146.52999877929688
43,2024-02-12,187.14999389648438,172.33999633789062,73.13999938964844,597092.0,174.4499969482422,590.1900024414062,415.260009765625,72.24800109863281,77.05000305175781,149.39999389648438
44,2024-02-13,185.0399932861328,168.63999938964844,71.5999984741211,593850.0,172.08999633789062,575.6099853515625,406.32000732421875,72.12799835205078,76.01000213623047,146.11000061035156
45,2024-02-14,184.14999389648438,170.97999572753906,73.38999938964844,601000.0,173.77000427246094,572.7999877929688,409.489990234375,73.9000015258789,76.75,145.02999877929688
46,2024-02-15,183.86000061035156,169.8000030517578,73.81999969482422,607000.0,174.82000732421875,575.719970703125,406.55999755859375,72.65799713134766,77.22000122070312,146.3300018310547
47,2024-02-16,182.30999755859375,169.50999450683594,73.91000366210938,610086.0,174.00999450683594,568.75,404.05999755859375,72.61299896240234,76.86000061035156,149.61000061035156
48,2024-02-20,181.55999755859375,167.0800018310547,73.13999938964844,613140.0,172.97000122070312,556.5599975585938,402.7900085449219,69.4520034790039,76.4000015258789,149.88999938964844
49,2024-02-21,182.32000732421875,168.58999633789062,75.58000183105469,617011.0,173.19000244140625,555.6500244140625,402.17999267578125,67.47200012207031,76.5,148.7899932861328
50,2024-02-22,184.3699951171875,174.5800018310547,76.12000274658203,625510.0,176.86000061035156,565.469970703125,411.6499938964844,78.53800201416016,78.12000274658203,150.33999633789062
51,2024-02-23,182.52000427246094,174.99000549316406,75.95999908447266,628930.0,176.92999267578125,568.969970703125,410.3399963378906,78.81700134277344,78.1500015258789,151.47999572753906
52,2024-02-26,181.16000366210938,174.72999572753906,76.51000213623047,615356.0,176.25999450683594,567.9299926757812,407.5400085449219,79.09200286865234,77.8499984741211,150.14999389648438
53,2024-02-27,182.6300048828125,173.5399932861328,77.68000030517578,617300.0,176.57000732421875,557.8400268554688,407.4800109863281,78.70099639892578,77.98999786376953,151.99000549316406
54,2024-02-28,181.4199981689453,173.16000366210938,74.58999633789062,621055.0,176.2899932861328,567.9099731445312,407.7200012207031,77.66300201416016,77.87000274658203,151.44000244140625
55,2024-02-29,180.75,176.75999450683594,74.02999877929688,616561.0,177.25,560.969970703125,413.6400146484375,79.11199951171875,78.29000091552734,152.9199981689453
56,2024-03-01,179.66000366210938,178.22000122070312,74.62000274658203,613965.0,178.67999267578125,565.47998046875,415.5,82.27899932861328,78.91999816894531,155.2899932861328
57,2024-03-04,175.10000610351562,177.5800018310547,72.0,608140.0,178.47000122070312,558.3699951171875,414.9200134277344,85.23699951171875,78.83000183105469,150.49000549316406
58,2024-03-05,170.1199951171875,174.1199951171875,72.06999969482422,604619.0,176.66000366210938,550.3499755859375,402.6499938964844,85.96399688720703,78.02999877929688,168.5800018310547
59,2024-03-06,169.1199951171875,173.50999450683594,73.70999908447266,607453.0,177.5800018310547,549.530029296875,402.0899963378906,88.69999694824219,78.43000030517578,173.5399932861328
60,2024-03-07,169.0,176.82000732421875,72.54000091552734,605560.0,179.42999267578125,550.1699829101562,409.1400146484375,92.66899871826172,79.25,171.5399932861328
61,2024-03-08,170.72999572753906,175.35000610351562,73.55000305175781,609748.0,178.27000427246094,551.5,406.2200012207031,87.52799987792969,78.73999786376953,169.72000122070312
62,2024-03-11,172.75,171.9600067138672,74.86000061035156,607756.0,178.07000732421875,564.2999877929688,404.5199890136719,85.77400207519531,78.6500015258789,168.07000732421875
63,2024-03-12,173.22999572753906,175.38999938964844,76.05999755859375,609710.0,180.07000732421875,565.7999877929688,415.2799987792969,91.91300201416016,79.54000091552734,167.57000732421875
64,2024-03-13,171.1300048828125,176.55999755859375,76.38999938964844,613900.0,179.72999572753906,557.52001953125,415.1000061035156,90.88800048828125,79.38999938964844,166.6699981689453
65,2024-03-14,173.0,178.75,73.4000015258789,612500.0,179.25999450683594,553.0700073242188,425.2200012207031,87.94400024414062,79.18000030517578,164.30999755859375
66,2024-03-15,172.6199951171875,174.4199981689453,73.41999816894531,618134.0,178.11000061035156,544.739990234375,416.4200134277344,87.83699798583984,78.66999816894531,164.22000122070312
67,2024-03-18,173.72000122070312,174.47999572753906,73.5199966430664,617880.0,179.22999572753906,550.3900146484375,417.32000732421875,88.45500183105469,79.16999816894531,167.58999633789062
68,2024-03-19,176.0800018310547,175.89999389648438,73.41999816894531,622777.0,180.25,564.3300170898438,421.4100036621094,89.39800262451172,79.61000061035156,168.2100067138672
69,2024-03-20,178.6699981689453,178.14999389648438,74.18000030517578,628390.0,181.8699951171875,559.1400146484375,425.2300109863281,90.37200164794922,80.33000183105469,170.4600067138672
70,2024-03-21,171.3699951171875,178.14999389648438,73.83000183105469,625095.0,182.47000122070312,563.780029296875,429.3699951171875,91.43499755859375,80.58999633789062,170.1699981689453
71,2024-03-22,172.27999877929688,178.8699951171875,72.12999725341797,623040.0,182.22000122070312,553.1099853515625,428.739990234375,94.28900146484375,80.4800033569336,168.6300048828125
72,2024-03-25,170.85000610351562,179.7100067138672,71.45999908447266,619500.0,181.66000366210938,551.3400268554688,422.8599853515625,95.00199890136719,80.23999786376953,172.66000366210938
73,2024-03-26,169.7100067138672,178.3000030517578,71.4800033569336,622380.0,181.16000366210938,551.6799926757812,421.6499938964844,92.56099700927734,80.01000213623047,172.63999938964844
74,2024-03-27,173.30999755859375,179.8300018310547,71.58999633789062,629610.0,182.74000549316406,557.0,421.42999267578125,90.25,80.70999908447266,174.6699981689453
75,2024-03-28,171.47999572753906,180.3800048828125,72.36000061035156,634440.0,182.9499969482422,560.4500122070312,420.7200012207031,90.35600280761719,80.80999755859375,177.2100067138672
76,2024-04-01,170.02999877929688,180.97000122070312,73.37000274658203,634030.0,182.5800018310547,554.8300170898438,424.57000732421875,90.36299896240234,80.63999938964844,177.82000732421875
77,2024-04-02,168.83999633789062,180.69000244140625,72.87999725341797,630289.0,181.25999450683594,542.2899780273438,421.44000244140625,89.4520034790039,80.05999755859375,176.24000549316406
78,2024-04-03,169.64999389648438,182.41000366210938,72.44000244140625,633899.0,181.47000122070312,540.0,420.45001220703125,88.96399688720703,80.1500015258789,175.49000549316406
79,2024-04-04,168.82000732421875,180.0,71.94999694824219,628420.0,179.25999450683594,533.5800170898438,417.8800048828125,85.90499877929688,79.16999816894531,172.22000122070312
80,2024-04-05,169.5800018310547,185.07000732421875,71.66000366210938,631255.0,180.69000244140625,542.3900146484375,425.5199890136719,88.00800323486328,80.05000305175781,171.77000427246094
81,2024-04-08,168.4499969482422,185.19000244140625,71.70999908447266,628640.0,180.6300048828125,549.0599975585938,424.5899963378906,87.13300323486328,80.0199966430664,169.6999969482422
82,2024-04-09,169.6699981689453,185.6699981689453,72.98999786376953,626900.0,180.91000366210938,554.719970703125,426.2799987792969,85.35399627685547,80.1500015258789,171.6300048828125
83,2024-04-10,167.77999877929688,185.9499969482422,74.58999633789062,618950.0,179.2100067138672,533.0499877929688,423.260009765625,87.03900146484375,79.38999938964844,171.6199951171875
84,2024-04-11,175.0399932861328,189.0500030517578,74.8499984741211,616670.0,180.5500030517578,534.489990234375,427.92999267578125,90.61599731445312,79.98999786376953,171.3300018310547
85,2024-04-12,176.5500030517578,186.1300048828125,71.29000091552734,608091.0,177.94000244140625,526.6199951171875,421.8999938964844,88.18599700927734,78.83000183105469,166.1199951171875
86,2024-04-15,172.69000244140625,183.6199951171875,70.62000274658203,604500.0,175.8000030517578,513.0599975585938,413.6400146484375,86.0009994506836,77.88999938964844,165.00999450683594
87,2024-04-16,169.3800048828125,183.32000732421875,69.61000061035156,598160.0,175.44000244140625,513.4299926757812,414.5799865722656,87.41500091552734,77.7300033569336,163.32000732421875
88,2024-04-17,168.0,181.27999877929688,68.81999969482422,600300.0,174.42999267578125,511.8299865722656,411.8399963378906,84.03500366210938,77.27999877929688,164.47000122070312
89,2024-04-18,167.0399932861328,179.22000122070312,68.87999725341797,604144.0,174.0500030517578,505.760009765625,404.2699890136719,84.6709976196289,77.11000061035156,166.5800018310547
90,2024-04-19,165.0,174.6300048828125,69.06999969482422,611244.0,172.5399932861328,510.07000732421875,399.1199951171875,76.19999694824219,76.44000244140625,168.3000030517578
91,2024-04-22,165.83999633789062,177.22999572753906,70.68000030517578,617284.0,174.0399932861328,515.1699829101562,400.9599914550781,79.51799774169922,77.11000061035156,167.11000061035156
92,2024-04-23,166.89999389648438,179.5399932861328,72.51000213623047,615175.0,176.1300048828125,446.0,407.57000732421875,82.4229965209961,78.02999877929688,166.50999450683594
93,2024-04-24,169.02000427246094,176.58999633789062,74.62999725341797,613420.0,176.1699981689453,464.6499938964844,409.05999755859375,79.677001953125,78.05000305175781,165.33999633789062
94,2024-04-25,169.88999938964844,173.6699981689453,75.11000061035156,611560.0,175.36000061035156,464.489990234375,399.0400085449219,82.63200378417969,77.69000244140625,164.44000244140625
95,2024-04-26,169.3000030517578,179.6199951171875,75.55000305175781,606920.0,177.16000366210938,477.7799987792969,406.32000732421875,87.73500061035156,78.4800033569336,164.74000549316406
96,2024-04-29,173.5,180.9600067138672,76.41000366210938,605500.0,177.72999572753906,476.9800109863281,402.25,87.75700378417969,78.73999786376953,163.72999572753906
97,2024-04-30,170.3300018310547,175.0,74.8499984741211,599500.0,174.94000244140625,465.7900085449219,389.3299865722656,86.4020004272461,77.5,160.97999572753906
98,2024-05-01,169.3000030517578,179.0,75.51000213623047,602100.0,174.33999633789062,470.0299987792969,394.94000244140625,83.04100036621094,77.23999786376953,156.42999267578125
99,2024-05-02,173.02999877929688,184.72000122070312,80.33000183105469,606413.0,175.92999267578125,467.70001220703125,397.8399963378906,85.81700134277344,77.94000244140625,158.1199951171875
100,2024-05-03,183.3800048828125,186.2100067138672,81.33000183105469,603000.0,178.14999389648438,467.0400085449219,406.6600036621094,88.78900146484375,78.93000030517578,158.0399932861328
101,2024-05-06,181.7100067138672,188.6999969482422,81.55000305175781,608795.0,179.99000549316406,475.489990234375,413.5400085449219,92.13999938964844,79.73999786376953,158.35000610351562
102,2024-05-07,182.39999389648438,188.75999450683594,79.37000274658203,611258.0,180.25,471.3999938964844,409.3399963378906,90.55400085449219,79.8499984741211,160.41000366210938
103,2024-05-08,182.74000549316406,188.0,78.45999908447266,612100.0,180.24000549316406,470.75,410.5400085449219,90.41200256347656,79.8499984741211,159.58999633789062
104,2024-05-09,184.57000732421875,189.5,79.45999908447266,615835.0,181.1999969482422,482.5,412.32000732421875,88.74700164794922,80.27999877929688,164.32000732421875
105,2024-05-10,183.0500030517578,187.47999572753906,80.04000091552734,622000.0,181.52000427246094,485.1600036621094,414.739990234375,89.87799835205078,80.41999816894531,163.1300048828125
106,2024-05-13,186.27999877929688,186.57000732421875,84.5999984741211,621000.0,181.47999572753906,485.57000732421875,413.7200012207031,90.39900207519531,80.4000015258789,160.89999389648438
107,2024-05-14,187.42999267578125,187.07000732421875,79.51000213623047,619250.0,182.38999938964844,488.1099853515625,416.55999755859375,91.35600280761719,80.80000305175781,158.9600067138672
108,2024-05-15,189.72000122070312,185.99000549316406,80.98999786376953,622815.0,184.55999755859375,490.05999755859375,423.0799865722656,94.62999725341797,81.76000213623047,157.50999450683594
109,2024-05-16,189.83999633789062,183.6300048828125,86.69999694824219,625100.0,184.2100067138672,497.510009765625,420.989990234375,94.35900115966797,81.61000061035156,160.64999389648438
110,2024-05-17,189.8699951171875,184.6999969482422,88.54000091552734,629375.0,184.42999267578125,505.3299865722656,420.2099914550781,92.47899627685547,81.70999908447266,160.1300048828125
111,2024-05-20,191.0399932861328,183.5399932861328,88.27999877929688,623250.0,184.6199951171875,512.260009765625,425.3399963378906,94.77999877929688,81.79000091552734,156.7100067138672
112,2024-05-21,192.35000610351562,183.14999389648438,86.12999725341797,625150.0,185.08999633789062,505.5299987792969,429.0400085449219,95.38600158691406,82.0,155.77999877929688
113,2024-05-22,190.89999389648438,183.1300048828125,82.68000030517578,625100.0,184.58999633789062,503.8299865722656,430.5199890136719,94.94999694824219,81.77999877929688,143.27000427246094
114,2024-05-23,186.8800048828125,181.0500030517578,80.80000305175781,612320.0,183.22999572753906,490.3999938964844,427.0,103.79900360107422,81.18000030517578,144.41000366210938
115,2024-05-24,189.97999572753906,180.75,81.26000213623047,615900.0,184.52000427246094,493.0,430.1600036621094,106.46900177001953,81.75,145.22999572753906
116,2024-05-28,189.99000549316406,182.14999389648438,80.58000183105469,609000.0,184.55999755859375,495.70001220703125,430.32000732421875,113.9010009765625,81.7699966430664,147.10000610351562
117,2024-05-29,190.2899932861328,182.02000427246094,79.05999755859375,608816.0,183.2100067138672,489.739990234375,429.1700134277344,114.82499694824219,81.16999816894531,147.74000549316406
118,2024-05-30,191.2899932861328,179.32000732421875,79.62999725341797,617690.0,182.1300048828125,489.5199890136719,414.6700134277344,110.5,80.69000244140625,149.8699951171875
119,2024-05-31,192.25,176.44000244140625,78.33999633789062,627400.0,183.61000061035156,495.17999267578125,415.1300048828125,109.63300323486328,80.69000244140625,156.16000366210938
120,2024-06-03,194.02999877929688,178.33999633789062,77.9000015258789,631110.0,183.83999633789062,490.5,413.5199890136719,115.0,81.44000244140625,153.02999877929688
121,2024-06-04,194.35000610351562,179.33999633789062,78.44999694824219,617435.0,184.1199951171875,493.19000244140625,416.07000732421875,116.43699645996094,81.56999969482422,150.5500030517578
122,2024-06-05,195.8699951171875,181.27999877929688,79.83000183105469,618000.0,186.30999755859375,498.30999755859375,424.010009765625,122.44000244140625,82.54000091552734,147.35000610351562
123,2024-06-06,194.47999572753906,185.0,80.01000213623047,620000.0,186.27000427246094,493.0899963378906,424.5199890136719,120.99800109863281,82.5199966430664,145.1300048828125
124,2024-06-07,196.88999938964844,184.3000030517578,78.41000366210938,622291.0,186.10000610351562,491.69000244140625,423.8500061035156,120.88800048828125,82.44999694824219,146.0
125,2024-06-10,193.1199951171875,187.05999755859375,79.30000305175781,617700.0,186.58999633789062,484.010009765625,427.8699951171875,121.79000091552734,82.66999816894531,148.52000427246094
126,2024-06-11,207.14999389648438,187.22999572753906,77.9000015258789,615769.0,187.10000610351562,484.4800109863281,432.67999267578125,120.91000366210938,82.88999938964844,146.19000244140625
127,2024-06-12,213.07000732421875,186.88999938964844,78.04000091552734,615592.0,188.6999969482422,487.94000244140625,441.05999755859375,125.19999694824219,83.5999984741211,146.77999877929688
128,2024-06-13,214.24000549316406,183.8300018310547,75.68000030517578,611500.0,189.13999938964844,484.2799987792969,441.5799865722656,129.61000061035156,83.79000091552734,144.67999267578125
129,2024-06-14,212.49000549316406,183.66000366210938,73.3499984741211,610900.0,189.11000061035156,480.5299987792969,442.57000732421875,131.8800048828125,83.77999877929688,141.16000366210938
130,2024-06-17,216.6699981689453,184.05999755859375,74.55000305175781,613860.0,190.5800018310547,484.7799987792969,448.3699951171875,130.97999572753906,84.43000030517578,144.97000122070312
131,2024-06-18,214.2899932861328,182.80999755859375,74.45999908447266,615000.0,191.07000732421875,476.5199890136719,446.3399963378906,135.5800018310547,84.6500015258789,142.5399932861328
132,2024-06-20,209.67999267578125,186.10000610351562,74.3499984741211,617250.0,190.58999633789062,482.7900085449219,445.70001220703125,130.77999877929688,84.44000244140625,143.3800048828125
133,2024-06-21,207.49000549316406,189.0800018310547,73.66999816894531,615001.0,190.3000030517578,486.32000732421875,449.7799987792969,126.56999969482422,84.30999755859375,146.1300048828125
134,2024-06-24,208.13999938964844,185.57000732421875,74.79000091552734,624082.0,189.72999572753906,489.1600036621094,447.6700134277344,118.11000061035156,84.05999755859375,149.69000244140625
135,2024-06-25,209.07000732421875,186.33999633789062,73.79000091552734,620800.0,190.47999572753906,488.7900085449219,450.95001220703125,126.08999633789062,84.38999938964844,146.77000427246094
136,2024-06-26,213.25,193.61000061035156,74.16999816894531,617071.0,190.77999877929688,486.9100036621094,452.1600036621094,126.4000015258789,84.5199966430664,147.1699981689453
137,2024-06-27,214.10000610351562,197.85000610351562,72.37000274658203,615000.0,190.9499969482422,486.80999755859375,452.8500061035156,123.98999786376953,84.5999984741211,146.72000122070312
138,2024-06-28,210.6199951171875,193.25,72.0,612241.0,190.1999969482422,481.75,446.95001220703125,123.54000091552734,84.26000213623047,148.0399932861328
139,2024-07-01,216.75,197.1999969482422,72.18000030517578,610460.0,190.7100067138672,479.30999755859375,456.7300109863281,124.30000305175781,84.48999786376953,145.74000549316406
140,2024-07-02,220.27000427246094,200.0,73.68000030517578,610668.0,191.88999938964844,491.4200134277344,459.2799987792969,122.66999816894531,85.01000213623047,145.38999938964844
141,2024-07-03,221.5500030517578,197.58999633789062,75.56999969482422,611375.0,192.8699951171875,491.010009765625,460.7699890136719,128.27999877929688,85.44999694824219,144.8000030517578
142,2024-07-05,226.33999633789062,200.0,74.5199966430664,618545.0,193.3300018310547,495.239990234375,467.55999755859375,125.83000183105469,85.93000030517578,145.64999389648438
143,2024-07-08,227.82000732421875,199.2899932861328,73.5,614425.0,193.52999877929688,492.260009765625,466.239990234375,128.1999969482422,86.0199966430664,148.72000122070312
144,2024-07-09,228.67999267578125,199.33999633789062,75.69999694824219,619000.0,193.67999267578125,489.07000732421875,459.5400085449219,131.3800048828125,86.08000183105469,147.60000610351562
145,2024-07-10,232.97999572753906,199.7899932861328,76.01000213623047,622506.0,195.67999267578125,489.0,466.25,134.91000366210938,86.97000122070312,146.11000061035156
146,2024-07-11,227.57000732421875,195.0500030517578,78.5199966430664,629080.0,193.97000122070312,493.6499938964844,454.70001220703125,127.4000015258789,86.20999908447266,151.39999389648438
147,2024-07-12,230.5399932861328,194.49000549316406,79.6500015258789,639500.0,195.0399932861328,502.0,453.54998779296875,129.24000549316406,86.69000244140625,152.85000610351562
148,2024-07-15,234.39999389648438,192.72000122070312,78.01000213623047,652997.0,195.61000061035156,501.5,453.9599914550781,128.44000244140625,86.94000244140625,151.3000030517578
149,2024-07-16,234.82000732421875,193.02000427246094,78.37999725341797,660388.0,196.86000061035156,508.0,449.5199890136719,126.36000061035156,87.5,155.00999450683594
150,2024-07-17,228.8800048828125,187.92999267578125,77.04000091552734,671280.0,194.1199951171875,504.0,443.5199890136719,117.98999786376953,86.27999877929688,155.92999267578125
151,2024-07-18,224.17999267578125,183.75,76.54000091552734,662820.0,192.61000061035156,498.54998779296875,440.3699951171875,121.08999633789062,85.61000061035156,152.08999633789062
152,2024-07-19,224.30999755859375,183.1300048828125,75.2699966430664,652040.0,191.24000549316406,495.8900146484375,437.1099853515625,117.93000030517578,85.0,149.72999572753906
153,2024-07-22,223.9600067138672,182.5500030517578,76.63999938964844,655260.0,193.30999755859375,506.0199890136719,442.94000244140625,123.54000091552734,85.91999816894531,151.02000427246094
154,2024-07-23,225.00999450683594,186.41000366210938,76.0999984741211,651580.0,193.00999450683594,546.010009765625,444.8500061035156,122.58999633789062,85.79000091552734,150.27000427246094
155,2024-07-24,218.5399932861328,180.8300018310547,75.80000305175781,650080.0,188.5500030517578,534.2000122070312,428.8999938964844,114.25,83.80000305175781,146.4499969482422
156,2024-07-25,217.49000549316406,179.85000610351562,75.4000015258789,649950.0,187.5800018310547,538.2100219726562,418.3999938964844,112.27999877929688,83.37000274658203,146.2899932861328
157,2024-07-26,217.9600067138672,182.5,76.52999877929688,657180.0,189.6699981689453,540.5499877929688,425.2699890136719,113.05999755859375,84.30000305175781,149.0
158,2024-07-29,218.24000549316406,183.1999969482422,78.62000274658203,658060.0,189.8300018310547,542.6300048828125,426.7300109863281,111.58999633789062,84.37000274658203,146.82000732421875
159,2024-07-30,218.8000030517578,181.7100067138672,78.0,662125.0,188.88999938964844,546.260009765625,422.9200134277344,103.7300033569336,83.94999694824219,147.9499969482422
160,2024-07-31,222.0800018310547,186.97999572753906,78.8499984741211,659211.0,191.88999938964844,540.760009765625,418.3500061035156,117.0199966430664,85.27999877929688,150.41000366210938
161,2024-08-01,218.36000061035156,184.07000732421875,77.9800033569336,647000.0,189.27000427246094,547.9000244140625,417.1099853515625,109.20999908447266,84.12000274658203,147.02000427246094
162,2024-08-02,219.86000061035156,167.89999389648438,77.44999694824219,641435.0,185.7899932861328,539.8499755859375,408.489990234375,107.2699966430664,82.58000183105469,139.1699981689453
163,2024-08-05,209.27000427246094,161.02000427246094,76.9800033569336,620040.0,180.22999572753906,517.4299926757812,395.1499938964844,100.44999694824219,80.0999984741211,133.8699951171875
164,2024-08-06,207.22999572753906,161.92999267578125,77.9000015258789,633175.0,182.10000610351562,526.1099853515625,399.6099853515625,104.25,80.93000030517578,133.85000610351562
165,2024-08-07,209.82000732421875,162.77000427246094,77.83000183105469,641000.0,180.6999969482422,524.3900146484375,398.42999267578125,98.91000366210938,80.30999755859375,133.47000122070312
166,2024-08-08,213.30999755859375,165.8000030517578,80.30999755859375,648888.0,184.86000061035156,530.739990234375,402.69000244140625,104.97000122070312,82.16000366210938,133.97000122070312
167,2024-08-09,216.24000549316406,166.94000244140625,79.98999786376953,647523.0,185.75,533.8300170898438,406.0199890136719,104.75,82.55000305175781,135.5
168,2024-08-12,217.52999877929688,166.8000030517578,80.91000366210938,646450.0,185.77999877929688,532.4099731445312,406.80999755859375,109.0199966430664,82.56999969482422,135.02000427246094
169,2024-08-13,221.27000427246094,170.22999572753906,81.0999984741211,649105.0,188.91000366210938,546.4500122070312,414.010009765625,116.13999938964844,83.95999908447266,136.66000366210938
170,2024-08-14,221.72000122070312,170.10000610351562,79.47000122070312,657122.0,189.63999938964844,554.3300170898438,416.8599853515625,118.08000183105469,84.27999877929688,135.75999450683594
171,2024-08-15,224.72000122070312,177.58999633789062,79.54000091552734,661145.0,192.75999450683594,563.1400146484375,421.0299987792969,122.86000061035156,85.66999816894531,141.66000366210938
172,2024-08-16,226.0500030517578,177.05999755859375,83.18000030517578,667130.0,193.1699981689453,561.6599731445312,418.4700012207031,124.58000183105469,85.66999816894531,144.0399932861328
173,2024-08-19,225.88999938964844,178.22000122070312,83.91000366210938,672940.0,195.07000732421875,560.530029296875,421.5299987792969,130.0,86.69999694824219,144.6300048828125
174,2024-08-20,226.50999450683594,178.8800048828125,81.04000091552734,672400.0,194.67999267578125,563.0,424.79998779296875,127.25,86.52999877929688,144.3300018310547
175,2024-08-21,226.39999389648438,180.11000061035156,83.52999877929688,669500.0,195.52000427246094,561.6400146484375,424.1400146484375,128.5,86.9000015258789,159.25
176,2024-08-22,224.52999877929688,176.1300048828125,82.95999908447266,674000.0,193.77000427246094,564.72998046875,415.54998779296875,123.73999786376953,86.12000274658203,156.82000732421875
177,2024-08-23,226.83999633789062,177.0399932861328,85.41000366210938,680330.0,196.0,571.1900024414062,416.7900085449219,129.3699951171875,87.11000061035156,158.5
178,2024-08-26,227.17999267578125,175.5,81.76000213623047,682200.0,195.38999938964844,575.6300048828125,413.489990234375,126.45999908447266,86.83999633789062,158.89999389648438
179,2024-08-27,228.02999877929688,173.1199951171875,81.44999694824219,691350.0,195.72000122070312,584.9099731445312,413.8399963378906,128.3000030517578,86.9800033569336,158.67999267578125
180,2024-08-28,226.49000549316406,170.8000030517578,79.62000274658203,696502.0,194.5500030517578,580.1500244140625,410.6000061035156,125.61000061035156,86.45999908447266,156.86000061035156
181,2024-08-29,229.7899932861328,172.1199951171875,81.0199966430664,702320.0,194.5500030517578,582.0900268554688,413.1199951171875,117.58999633789062,86.47000122070312,153.4199981689453
182,2024-08-30,229.0,178.5,83.33999633789062,715300.0,196.5399932861328,580.5900268554688,417.1400146484375,119.37000274658203,87.3499984741211,153.6199951171875
183,2024-09-03,222.77000427246094,176.25,82.2699966430664,715910.0,192.39999389648438,573.469970703125,409.44000244140625,108.0,85.51000213623047,151.8000030517578
184,2024-09-04,220.85000610351562,173.3300018310547,82.47000122070312,715778.0,192.10000610351562,572.9400024414062,408.8999938964844,106.20999908447266,85.37999725341797,152.47999572753906
185,2024-09-05,222.3800048828125,177.88999938964844,82.43000030517578,696160.0,191.52999877929688,570.6599731445312,408.3900146484375,107.20999908447266,85.12000274658203,151.89999389648438
186,2024-09-06,220.82000732421875,171.38999938964844,81.18000030517578,689287.0,188.25,559.8499755859375,401.70001220703125,102.83000183105469,83.66000366210938,151.27999877929688
187,2024-09-09,220.91000366210938,175.39999389648438,81.44000244140625,689280.0,190.4499969482422,558.3400268554688,405.7200012207031,106.47000122070312,84.63999938964844,150.58999633789062
188,2024-09-10,220.11000061035156,179.5500030517578,83.80000305175781,688076.0,191.3000030517578,562.3499755859375,414.20001220703125,108.0999984741211,85.0199966430664,148.00999450683594
189,2024-09-11,222.66000366210938,184.52000427246094,84.80999755859375,680040.0,193.33999633789062,562.0,423.0400085449219,116.91000366210938,85.93000030517578,147.2899932861328
190,2024-09-12,222.77000427246094,187.0,85.48999786376953,675380.0,194.8000030517578,559.75,427.0,119.13999938964844,86.56999969482422,148.44000244140625
191,2024-09-13,222.5,186.49000549316406,84.69000244140625,671750.0,195.8800048828125,561.9299926757812,430.5899963378906,119.0999984741211,87.05999755859375,151.36000061035156
192,2024-09-16,216.32000732421875,184.88999938964844,83.5999984741211,677731.0,196.1699981689453,566.6599731445312,431.3399963378906,116.77999877929688,87.18000030517578,152.83999633789062
193,2024-09-17,216.7899932861328,186.8800048828125,84.69999694824219,685250.0,196.22000122070312,556.3800048828125,435.1499938964844,115.58999633789062,87.20999908447266,151.9600067138672
194,2024-09-18,220.69000244140625,186.42999267578125,84.41999816894531,686859.0,195.66000366210938,551.5700073242188,430.80999755859375,113.37000274658203,86.95999908447266,153.60000610351562
195,2024-09-19,228.8699951171875,189.8699951171875,88.48999786376953,687840.0,198.99000549316406,555.3099975585938,438.69000244140625,117.87000274658203,88.44000244140625,156.49000549316406
196,2024-09-20,228.1999969482422,191.60000610351562,88.29000091552734,685490.0,198.61000061035156,551.4099731445312,435.2699890136719,116.0,88.2699966430664,154.75
197,2024-09-23,226.47000122070312,193.8800048828125,90.08999633789062,685320.0,199.1699981689453,560.1599731445312,433.510009765625,116.26000213623047,88.5199966430664,155.2899932861328
198,2024-09-24,227.3699951171875,193.9600067138672,97.19000244140625,683913.0,199.6699981689453,560.75,429.1700134277344,120.87000274658203,88.73999786376953,156.17999267578125
199,2024-09-25,226.3699951171875,192.52999877929688,95.45999908447266,679850.0,199.3000030517578,562.3699951171875,432.1099853515625,123.51000213623047,88.56999969482422,155.07000732421875
200,2024-09-26,227.52000427246094,191.16000366210938,105.06999969482422,683340.0,200.11000061035156,567.27001953125,431.30999755859375,124.04000091552734,88.94000244140625,155.97999572753906
201,2024-09-27,227.7899932861328,187.97000122070312,107.33000183105469,686182.0,199.8699951171875,576.1500244140625,428.0199890136719,121.4000015258789,88.83000183105469,155.17999267578125
202,2024-09-30,233.0,186.3300018310547,106.12000274658203,691180.0,200.72999572753906,582.9299926757812,430.29998779296875,121.44000244140625,89.20999908447266,155.86000061035156
203,2024-10-01,226.2100067138672,185.1300048828125,112.73999786376953,685000.0,198.8699951171875,575.75,420.69000244140625,117.0,88.37999725341797,152.1999969482422
204,2024-10-02,226.77999877929688,184.75999450683594,115.25,685000.0,198.91000366210938,590.3699951171875,417.1300048828125,118.8499984741211,88.4000015258789,150.39999389648438
205,2024-10-03,225.6699981689453,181.9600067138672,112.83999633789062,678640.0,198.57000732421875,588.3099975585938,416.5400085449219,122.8499984741211,88.25,149.60000610351562
206,2024-10-04,226.8000030517578,186.50999450683594,114.52999877929688,693839.0,199.75,589.719970703125,416.05999755859375,124.91999816894531,89.05999755859375,152.8800048828125
207,2024-10-07,221.69000244140625,180.8000030517578,117.5199966430664,680000.0,197.83999633789062,584.489990234375,409.5400085449219,127.72000122070312,88.20999908447266,149.0
208,2024-10-08,225.77000427246094,182.72000122070312,109.68000030517578,678000.0,199.75999450683594,596.8300170898438,414.7099914550781,132.88999938964844,89.05999755859375,151.32000732421875
209,2024-10-09,229.5399932861328,185.1699981689453,107.88999938964844,683400.0,201.17999267578125,604.4299926757812,417.4599914550781,132.64999389648438,89.69999694824219,154.3300018310547
210,2024-10-10,229.0399932861328,186.64999389648438,109.27999877929688,682470.0,200.8000030517578,599.4299926757812,415.8399963378906,134.80999755859375,89.52999877929688,155.97000122070312
211,2024-10-11,227.5500030517578,188.82000732421875,110.13999938964844,691500.0,202.02000427246094,605.5900268554688,416.32000732421875,134.8000030517578,90.06999969482422,158.4600067138672
212,2024-10-14,231.3000030517578,187.5399932861328,107.80999755859375,685000.0,203.57000732421875,607.3599853515625,419.1400146484375,138.07000732421875,90.76000213623047,157.97000122070312
213,2024-10-15,233.85000610351562,187.69000244140625,101.83999633789062,693614.0,202.0399932861328,613.2999877929688,418.739990234375,131.60000610351562,90.08000183105469,160.69000244140625
214,2024-10-16,231.77999877929688,186.88999938964844,102.16999816894531,699413.0,202.99000549316406,607.510009765625,416.1199951171875,135.72000122070312,90.5,158.8699951171875
215,2024-10-17,232.14999389648438,187.52999877929688,100.06999969482422,697640.0,202.9600067138672,605.8099975585938,416.7200012207031,136.92999267578125,90.48999786376953,155.88999938964844
216,2024-10-18,235.0,188.99000549316406,102.43000030517578,698500.0,203.77000427246094,608.02001953125,418.1600036621094,138.0,90.8499984741211,156.83999633789062
217,2024-10-21,236.47999572753906,189.07000732421875,100.91000366210938,698000.0,203.41000366210938,603.8099975585938,418.7799987792969,143.7100067138672,90.69000244140625,150.91000366210938
218,2024-10-22,235.86000061035156,189.6999969482422,100.45999908447266,692600.0,203.30999755859375,604.0800170898438,427.510009765625,143.58999633789062,90.6500015258789,149.19000244140625
219,2024-10-23,230.75999450683594,184.7100067138672,98.0,691220.0,201.4499969482422,596.3800048828125,424.6000061035156,139.55999755859375,89.81999969482422,148.0500030517578
220,2024-10-24,230.57000732421875,186.3800048828125,96.36000061035156,687000.0,201.8800048828125,590.25,424.7300109863281,140.41000366210938,90.01000213623047,150.17999267578125
221,2024-10-25,231.41000366210938,187.8300018310547,97.41999816894531,681999.0,201.82000732421875,588.719970703125,428.1499938964844,141.5399932861328,89.9800033569336,151.16000366210938
222,2024-10-28,233.39999389648438,188.38999938964844,99.93000030517578,688354.0,202.36000061035156,595.27001953125,426.5899963378906,140.52000427246094,90.22000122070312,149.3000030517578
223,2024-10-29,233.6699981689453,190.8300018310547,99.83000183105469,682920.0,202.69000244140625,578.9299926757812,431.95001220703125,141.25,90.37000274658203,147.92999267578125
224,2024-10-30,230.10000610351562,192.72999572753906,98.69999694824219,682600.0,202.02000427246094,569.0900268554688,432.5299987792969,139.33999633789062,90.06999969482422,148.52000427246094
225,2024-10-31,225.91000366210938,186.39999389648438,97.9800033569336,676960.0,198.27999877929688,571.2000122070312,406.3500061035156,132.75999450683594,88.4000015258789,150.0399932861328
226,2024-11-01,222.91000366210938,197.92999267578125,97.58000183105469,678000.0,199.10000610351562,577.9500122070312,410.3699951171875,135.39999389648438,88.7699966430664,150.83999633789062
227,2024-11-04,222.00999450683594,195.77999877929688,98.4000015258789,664750.0,198.5500030517578,589.3400268554688,408.4599914550781,136.0500030517578,88.5199966430664,149.99000549316406
228,2024-11-05,223.4499969482422,199.5,99.20999908447266,666684.0,200.99000549316406,588.3200073242188,411.4599914550781,139.91000366210938,89.61000061035156,150.99000549316406
229,2024-11-06,222.72000122070312,207.08999633789062,96.7300033569336,703000.0,206.07000732421875,574.8200073242188,420.17999267578125,145.61000061035156,91.87000274658203,147.2899932861328
230,2024-11-07,227.47999572753906,210.0500030517578,100.13999938964844,688252.0,207.61000061035156,575.6599731445312,425.42999267578125,148.8800048828125,92.55999755859375,150.91000366210938
231,2024-11-08,226.9600067138672,208.17999267578125,94.19000244140625,695878.0,208.42999267578125,594.0,422.5400085449219,147.6300048828125,92.93000030517578,149.77999877929688
232,2024-11-11,224.22999572753906,206.83999633789062,95.41999816894531,700224.0,208.6300048828125,597.25,418.010009765625,145.25999450683594,93.0199966430664,153.27999877929688
233,2024-11-12,224.22999572753906,208.91000366210938,91.77999877929688,700700.0,208.0399932861328,602.6400146484375,423.0299987792969,148.2899932861328,92.75,155.64999389648438
234,2024-11-13,225.1199951171875,214.10000610351562,92.0,702250.0,208.10000610351562,610.530029296875,425.20001220703125,146.27000427246094,92.77999877929688,154.99000549316406
235,2024-11-14,228.22000122070312,211.47999572753906,90.58000183105469,700600.0,206.86000061035156,606.1400146484375,426.8900146484375,146.75999450683594,92.2300033569336,153.47000122070312
236,2024-11-15,225.0,202.61000061035156,88.58999633789062,705999.0,204.16000366210938,593.8599853515625,415.0,141.97999572753906,91.0199966430664,152.1300048828125
237,2024-11-18,228.02000427246094,201.6999969482422,89.3499984741211,708000.0,204.99000549316406,593.1199951171875,415.760009765625,140.14999389648438,91.38999938964844,156.55999755859375
238,2024-11-19,228.27999877929688,204.61000061035156,87.11000061035156,703960.0,205.80999755859375,597.1300048828125,417.7900085449219,147.00999450683594,91.76000213623047,156.0
239,2024-11-20,229.0,202.8800048828125,86.7699966430664,703300.0,205.82000732421875,582.0,415.489990234375,145.88999938964844,91.76000213623047,121.72000122070312
240,2024-11-21,228.52000427246094,198.3800048828125,85.58000183105469,707250.0,206.9499969482422,581.3400268554688,412.8699951171875,146.6699981689453,92.26000213623047,121.58999633789062
241,2024-11-22,229.8699951171875,197.1199951171875,83.12999725341797,714280.0,207.6699981689453,589.5700073242188,417.0,141.9499969482422,92.58999633789062,125.01000213623047
242,2024-11-25,232.8699951171875,201.4499969482422,85.58000183105469,716399.0,208.3000030517578,592.72998046875,418.7900085449219,136.02000427246094,92.87000274658203,130.52999877929688
243,2024-11-26,235.05999755859375,207.86000061035156,85.18000030517578,718520.0,209.50999450683594,601.9600219726562,427.989990234375,136.9199981689453,93.41000366210938,126.55000305175781
244,2024-11-27,234.92999267578125,205.74000549316406,86.58999633789062,723549.0,208.72000122070312,604.9600219726562,422.989990234375,135.33999633789062,93.05999755859375,130.08999633789062
245,2024-11-29,237.3300018310547,207.88999938964844,87.37000274658203,724040.0,209.91000366210938,609.6300048828125,423.4599914550781,138.25,93.58999633789062,132.30999755859375
246,2024-12-02,239.58999633789062,210.7100067138672,85.94999694824219,715880.0,210.4499969482422,608.969970703125,430.9800109863281,138.6300048828125,93.83000183105469,130.72000122070312
247,2024-12-03,242.64999389648438,213.44000244140625,85.68000030517578,705659.0,210.5500030517578,608.0999755859375,431.20001220703125,140.25999450683594,93.87000274658203,131.4499969482422
248,2024-12-04,243.00999450683594,218.16000366210938,84.93000030517578,701601.0,211.8300018310547,615.9299926757812,437.4200134277344,145.13999938964844,94.44000244140625,130.07000732421875
249,2024-12-05,243.0399932861328,220.5500030517578,84.1500015258789,704406.0,211.4499969482422,609.9099731445312,442.6199951171875,145.05999755859375,94.2699966430664,129.1699981689453
250,2024-12-06,242.83999633789062,227.02999877929688,85.93000030517578,705237.0,212.0,617.1799926757812,443.57000732421875,142.44000244140625,94.5199966430664,132.38999938964844
251,2024-12-09,246.75,226.08999633789062,92.31999969482422,696160.0,210.72999572753906,618.5,446.0199890136719,138.80999755859375,93.94999694824219,135.2899932861328
252,2024-12-10,247.77000427246094,225.0399932861328,89.83000183105469,694620.0,210.10000610351562,629.010009765625,443.3299865722656,135.07000732421875,93.66999816894531,135.0500030517578
253,2024-12-11,246.49000549316406,230.25999450683594,88.9800033569336,690666.0,211.82000732421875,629.6099853515625,448.989990234375,139.30999755859375,94.44000244140625,135.97999572753906
254,2024-12-12,247.9600067138672,228.97000122070312,89.2300033569336,686850.0,210.67999267578125,635.989990234375,449.55999755859375,137.33999633789062,93.93000030517578,135.2899932861328
255,2024-12-13,248.1300048828125,227.4600067138672,87.81999969482422,685934.0,210.6999969482422,625.0999755859375,447.2699890136719,134.25,92.83000183105469,134.52000427246094
256,2024-12-16,251.0399932861328,232.92999267578125,86.05999755859375,683788.0,211.52999877929688,618.3800048828125,451.5899963378906,132.0,93.19000244140625,132.4499969482422
257,2024-12-17,253.47999572753906,231.14999389648438,87.1500015258789,684120.0,210.7100067138672,611.5,454.4599914550781,130.38999938964844,92.83000183105469,131.60000610351562
258,2024-12-18,248.0500030517578,220.52000427246094,85.0,670738.0,204.5,597.9000244140625,437.3900146484375,128.91000366210938,90.0999984741211,130.6999969482422
259,2024-12-19,249.7899932861328,223.2899932861328,84.30999755859375,673274.0,204.32000732421875,600.5800170898438,437.0299987792969,130.67999267578125,90.0199966430664,130.42999267578125
260,2024-12-20,254.49000549316406,224.9199981689453,82.27999877929688,682500.0,205.8300018310547,604.7999877929688,436.6000061035156,134.6999969482422,91.0,131.47999572753906
261,2024-12-23,255.27000427246094,225.05999755859375,85.13999938964844,681999.0,207.33999633789062,605.4199829101562,435.25,139.6699981689453,91.66999816894531,131.9199981689453
262,2024-12-24,258.20001220703125,229.0500030517578,85.5199966430664,687442.0,209.6300048828125,607.9099731445312,439.3299865722656,140.22000122070312,92.68000030517578,132.39999389648438
263,2024-12-26,259.0199890136719,227.0500030517578,86.08000183105469,687600.0,209.57000732421875,610.969970703125,438.1099853515625,139.92999267578125,92.6500015258789,136.38999938964844
264,2024-12-27,255.58999633789062,223.75,85.05999755859375,684909.0,207.27000427246094,609.5900268554688,430.5299987792969,137.00999450683594,91.62999725341797,135.5
265,2024-12-30,252.1999969482422,221.3000030517578,84.12999725341797,678120.0,205.0500030517578,599.6500244140625,424.8299865722656,137.49000549316406,90.6500015258789,135.0500030517578
266,2024-12-31,250.4199981689453,219.38999938964844,84.79000091552734,680920.0,204.19000244140625,600.010009765625,421.5,134.2899932861328,90.2699966430664,135.17999267578125
267,2025-01-02,243.85000610351562,220.22000122070312,84.94999694824219,675500.0,203.74000549316406,597.1300048828125,418.5799865722656,138.30999755859375,90.08000183105469,137.19000244140625
268,2025-01-03,243.36000061035156,224.19000244140625,85.54000091552734,681460.0,206.32000732421875,601.47998046875,423.3500061035156,144.47000122070312,91.22000122070312,135.7899932861328
269,2025-01-06,245.0,227.61000061035156,85.5199966430664,676604.0,207.47999572753906,596.6599731445312,427.8500061035156,149.42999267578125,91.7300033569336,139.2899932861328
270,2025-01-07,242.2100067138672,222.11000061035156,84.4800033569336,678560.0,205.17999267578125,591.3300170898438,422.3699951171875,140.13999938964844,90.70999908447266,139.25
271,2025-01-08,242.6999969482422,222.1300048828125,83.69000244140625,677925.0,205.50999450683594,602.22998046875,424.55999755859375,140.11000061035156,90.8499984741211,138.22000122070312
272,2025-01-10,236.85000610351562,218.94000244140625,80.52999877929688,663000.0,202.3800048828125,575.72998046875,418.95001220703125,135.91000366210938,89.47000122070312,141.6199951171875
273,2025-01-13,234.39999389648438,218.4600067138672,80.54000091552734,666280.0,202.6999969482422,580.52001953125,417.19000244140625,133.22999572753906,89.61000061035156,138.77000427246094
274,2025-01-14,233.27999877929688,217.75999450683594,81.68000030517578,675760.0,202.92999267578125,585.7999877929688,415.6700134277344,131.75999450683594,89.72000122070312,136.47000122070312
275,2025-01-15,237.8699951171875,223.35000610351562,82.44000244140625,688500.0,206.6699981689453,601.0,426.30999755859375,136.24000549316406,91.37000274658203,134.52999877929688
276,2025-01-16,228.25999450683594,220.66000366210938,82.43000030517578,692904.0,206.22999572753906,609.969970703125,424.5799865722656,133.57000732421875,91.18000030517578,133.25
277,2025-01-17,229.97999572753906,225.94000244140625,85.12000274658203,702760.0,208.3000030517578,612.02001953125,429.0299987792969,137.7100067138672,92.08999633789062,133.61000061035156
278,2025-01-21,222.63999938964844,230.7100067138672,85.37999725341797,702553.0,210.1300048828125,617.3800048828125,428.5,140.8300018310547,92.9000015258789,137.33999633789062
