Index,Date,AAPL,HII,MCHP,MSFT,NVDA,NVO,PFE,TSMC34.SA
1,2023-12-11,193.17999267578125,250.3800048828125,88.91000366210938,371.29998779296875,46.62699890136719,96.6500015258789,28.639999389648438,62.41999816894531
2,2023-12-12,194.7100067138672,254.47999572753906,89.2300033569336,374.3800048828125,47.65700149536133,96.20999908447266,28.579999923706055,62.810001373291016
3,2023-12-13,197.9600067138672,257.5899963378906,89.86000061035156,374.3699951171875,48.0880012512207,98.9000015258789,26.65999984741211,63.20000076293945
4,2023-12-14,198.11000061035156,255.8300018310547,92.95999908447266,365.92999267578125,48.349998474121094,98.0,26.1299991607666,63.720001220703125
5,2023-12-15,197.57000732421875,253.5500030517578,92.19999694824219,370.7300109863281,48.88999938964844,97.0999984741211,26.6299991607666,63.47999954223633
6,2023-12-18,195.88999938964844,255.02000427246094,91.30999755859375,372.6499938964844,50.07699966430664,98.9800033569336,27.059999465942383,63.20000076293945
7,2023-12-19,196.94000244140625,257.010009765625,91.38999938964844,373.260009765625,49.604000091552734,99.98999786376953,28.15999984741211,63.099998474121094
8,2023-12-20,194.8300018310547,252.42999267578125,88.55000305175781,370.6199951171875,48.111000061035156,101.30999755859375,27.6299991607666,61.5
9,2023-12-21,194.67999267578125,254.02000427246094,89.87999725341797,373.5400085449219,48.9900016784668,103.4800033569336,28.309999465942383,62.54999923706055
10,2023-12-22,193.60000610351562,256.0899963378906,90.19000244140625,374.5799865722656,48.83000183105469,102.70999908447266,28.399999618530273,62.939998626708984
11,2023-12-26,193.0500030517578,257.8299865722656,91.30999755859375,374.6600036621094,49.27899932861328,102.68000030517578,28.40999984741211,63.40999984741211
12,2023-12-27,193.14999389648438,258.30999755859375,91.12000274658203,374.07000732421875,49.41699981689453,103.68000030517578,28.610000610351562,63.11000061035156
13,2023-12-28,193.5800018310547,258.4700012207031,90.83999633789062,375.2799987792969,49.52199935913086,103.47000122070312,28.790000915527344,63.18000030517578
14,2024-01-02,185.63999938964844,260.1099853515625,86.55999755859375,370.8699951171875,48.167999267578125,102.11000061035156,29.729999542236328,62.470001220703125
15,2024-01-03,184.25,256.29998779296875,84.56999969482422,370.6000061035156,47.569000244140625,103.62000274658203,29.729999542236328,61.61000061035156
16,2024-01-04,181.91000366210938,256.32000732421875,83.4000015258789,367.94000244140625,47.99800109863281,107.62999725341797,29.09000015258789,61.099998474121094
17,2024-01-05,181.17999267578125,252.5,83.98999786376953,367.75,49.09700012207031,105.9800033569336,29.469999313354492,60.54999923706055
18,2024-01-08,185.55999755859375,255.36000061035156,85.63999938964844,374.69000244140625,52.25299835205078,106.4000015258789,29.579999923706055,62.400001525878906
19,2024-01-09,185.13999938964844,253.24000549316406,85.33999633789062,375.7900085449219,53.13999938964844,106.94999694824219,29.399999618530273,62.5
20,2024-01-10,186.19000244140625,252.82000732421875,85.44000244140625,382.7699890136719,54.349998474121094,108.66999816894531,28.989999771118164,61.540000915527344
21,2024-01-11,185.58999633789062,250.6300048828125,85.69999694824219,384.6300048828125,54.821998596191406,106.69000244140625,28.399999618530273,61.90999984741211
22,2024-01-12,185.9199981689453,254.67999267578125,85.41000366210938,388.4700012207031,54.709999084472656,107.16000366210938,28.700000762939453,61.650001525878906
23,2024-01-16,183.6300048828125,255.17999267578125,85.16000366210938,390.2699890136719,56.38199996948242,106.3499984741211,28.31999969482422,62.529998779296875
24,2024-01-17,182.67999267578125,254.80999755859375,83.33999633789062,389.4700012207031,56.053001403808594,106.68000030517578,28.149999618530273,63.97999954223633
25,2024-01-18,188.6300048828125,260.19000244140625,86.16000366210938,393.8699951171875,57.106998443603516,107.55000305175781,28.09000015258789,70.0
26,2024-01-19,191.55999755859375,256.2300109863281,89.44000244140625,398.6700134277344,59.49100112915039,106.95999908447266,28.280000686645508,70.44000244140625
27,2024-01-22,193.88999938964844,256.7699890136719,90.73999786376953,396.510009765625,59.65399932861328,105.48999786376953,28.309999465942383,70.1500015258789
28,2024-01-23,195.17999267578125,255.80999755859375,91.98999786376953,398.8999938964844,59.87300109863281,105.37000274658203,28.43000030517578,70.9800033569336
29,2024-01-24,194.5,253.63999938964844,90.55999755859375,402.55999755859375,61.36199951171875,105.20999908447266,28.329999923706055,72.0
30,2024-01-25,194.1699981689453,254.39999389648438,89.6500015258789,404.8699951171875,61.617000579833984,105.68000030517578,27.469999313354492,72.98999786376953
31,2024-01-26,192.4199981689453,255.64999389648438,86.91999816894531,403.92999267578125,61.03099822998047,108.06999969482422,27.469999313354492,71.95999908447266
32,2024-01-29,191.72999572753906,258.5899963378906,87.2300033569336,409.7200012207031,62.46500015258789,109.0199966430664,27.479999542236328,72.19999694824219
33,2024-01-30,188.0399932861328,260.32000732421875,85.95999908447266,408.5899963378906,62.77399826049805,109.0199966430664,27.020000457763672,71.75
34,2024-01-31,184.39999389648438,258.9200134277344,85.18000030517578,397.5799865722656,61.527000427246094,114.73999786376953,27.079999923706055,70.26000213623047
35,2024-02-01,186.86000061035156,267.80999755859375,85.6500015258789,403.7799987792969,63.027000427246094,115.79000091552734,27.290000915527344,73.16999816894531
36,2024-02-02,185.85000610351562,268.5,84.29000091552734,411.2200012207031,66.16000366210938,113.69999694824219,26.93000030517578,71.75
37,2024-02-05,187.67999267578125,265.92999267578125,85.45999908447266,405.6499938964844,69.33200073242188,118.26000213623047,26.56999969482422,74.0
38,2024-02-06,189.3000030517578,266.2200012207031,83.25,405.489990234375,68.2229995727539,117.61000061035156,27.5,73.8499984741211
39,2024-02-07,189.41000366210938,274.739990234375,83.30999755859375,414.04998779296875,70.0989990234375,118.66000366210938,27.559999465942383,77.4800033569336
40,2024-02-08,188.32000732421875,272.1300048828125,84.3499984741211,414.1099853515625,69.64099884033203,118.38999938964844,27.56999969482422,83.3499984741211
41,2024-02-09,188.85000610351562,273.8999938964844,85.44000244140625,420.54998779296875,72.13300323486328,121.19999694824219,27.559999465942383,82.68000030517578
42,2024-02-14,184.14999389648438,280.30999755859375,80.58000183105469,409.489990234375,73.9000015258789,123.29000091552734,27.110000610351562,80.47000122070312
43,2024-02-15,183.86000061035156,284.989990234375,82.51000213623047,406.55999755859375,72.65799713134766,121.75,27.510000228881836,80.55000305175781
44,2024-02-16,182.30999755859375,285.0899963378906,81.61000061035156,404.05999755859375,72.61299896240234,124.01000213623047,27.6200008392334,78.5999984741211
45,2024-02-20,181.55999755859375,284.79998779296875,82.4000015258789,402.7900085449219,69.4520034790039,121.44999694824219,27.59000015258789,77.33999633789062
46,2024-02-21,182.32000732421875,288.1300048828125,83.4800033569336,402.17999267578125,67.47200012207031,120.93000030517578,27.670000076293945,78.4000015258789
47,2024-02-22,184.3699951171875,287.2900085449219,83.9000015258789,411.6499938964844,78.53800201416016,124.5199966430664,27.549999237060547,80.4000015258789
48,2024-02-23,182.52000427246094,288.1400146484375,82.83999633789062,410.3399963378906,78.81700134277344,123.44999694824219,27.760000228881836,80.58000183105469
49,2024-02-26,181.16000366210938,288.3299865722656,82.9000015258789,407.5400085449219,79.09200286865234,123.48999786376953,27.18000030517578,81.75
50,2024-02-27,182.6300048828125,289.489990234375,82.94000244140625,407.4800109863281,78.70099639892578,122.2300033569336,26.889999389648438,80.5999984741211
51,2024-02-28,181.4199981689453,291.8500061035156,82.18000030517578,407.7200012207031,77.66300201416016,121.54000091552734,27.040000915527344,79.16999816894531
52,2024-02-29,180.75,291.6199951171875,84.13999938964844,413.6400146484375,79.11199951171875,119.7699966430664,26.559999465942383,79.91999816894531
53,2024-03-01,179.66000366210938,292.4599914550781,87.0,415.5,82.27899932861328,124.2300033569336,26.59000015258789,83.56999969482422
54,2024-03-04,175.10000610351562,296.42999267578125,86.91999816894531,414.9200134277344,85.23699951171875,127.94999694824219,25.889999389648438,85.7699966430664
55,2024-03-05,170.1199951171875,291.3299865722656,85.63999938964844,402.6499938964844,85.96399688720703,124.6500015258789,26.079999923706055,85.75
56,2024-03-06,169.1199951171875,293.989990234375,87.80999755859375,402.0899963378906,88.69999694824219,124.75,27.190000534057617,87.31999969482422
57,2024-03-07,169.0,291.8500061035156,93.33999633789062,409.1400146484375,92.66899871826172,135.9199981689453,26.790000915527344,92.0
58,2024-03-08,170.72999572753906,293.32000732421875,88.83999633789062,406.2200012207031,87.52799987792969,133.07000732421875,27.219999313354492,91.5
59,2024-03-11,172.75,288.5299987792969,90.56999969482422,404.5199890136719,85.77400207519531,131.24000549316406,28.3700008392334,86.95999908447266
60,2024-03-12,173.22999572753906,290.1600036621094,91.97000122070312,415.2799987792969,91.91300201416016,135.11000061035156,28.010000228881836,89.5999984741211
61,2024-03-13,171.1300048828125,289.8999938964844,90.54000091552734,415.1000061035156,90.88800048828125,133.49000549316406,28.219999313354492,87.98999786376953
62,2024-03-14,173.0,286.8699951171875,88.9800033569336,425.2200012207031,87.94400024414062,134.5800018310547,28.1299991607666,87.30000305175781
63,2024-03-15,172.6199951171875,289.0199890136719,88.63999938964844,416.4200134277344,87.83699798583984,132.3699951171875,27.940000534057617,86.19999694824219
64,2024-03-18,173.72000122070312,290.5899963378906,88.08000183105469,417.32000732421875,88.45500183105469,132.88999938964844,27.719999313354492,86.80000305175781
65,2024-03-19,176.0800018310547,290.69000244140625,87.27999877929688,421.4100036621094,89.39800262451172,131.3699951171875,27.6299991607666,85.11000061035156
66,2024-03-20,178.6699981689453,292.20001220703125,88.33999633789062,425.2300109863281,90.37200164794922,130.36000061035156,27.700000762939453,85.69999694824219
67,2024-03-21,171.3699951171875,293.92999267578125,88.87000274658203,429.3699951171875,91.43499755859375,129.8300018310547,27.65999984741211,86.79000091552734
68,2024-03-22,172.27999877929688,292.54998779296875,88.04000091552734,428.739990234375,94.28900146484375,128.75999450683594,27.360000610351562,88.0999984741211
69,2024-03-25,170.85000610351562,290.79998779296875,87.6500015258789,422.8599853515625,95.00199890136719,129.0500030517578,27.43000030517578,87.11000061035156
70,2024-03-26,169.7100067138672,289.8699951171875,86.23999786376953,421.6499938964844,92.56099700927734,129.41000366210938,27.59000015258789,87.02999877929688
71,2024-03-27,173.30999755859375,289.75,89.19000244140625,421.42999267578125,90.25,128.0500030517578,27.780000686645508,85.31999969482422
72,2024-03-28,171.47999572753906,291.4700012207031,89.70999908447266,420.7200012207031,90.35600280761719,128.39999389648438,27.75,85.2699966430664
73,2024-04-01,170.02999877929688,287.6000061035156,89.73999786376953,424.57000732421875,90.36299896240234,127.55000305175781,27.719999313354492,89.19999694824219
74,2024-04-02,168.83999633789062,287.4700012207031,87.9800033569336,421.44000244140625,89.4520034790039,126.45999908447266,27.549999237060547,88.72000122070312
75,2024-04-03,169.64999389648438,286.3900146484375,88.13999938964844,420.45001220703125,88.96399688720703,126.98999786376953,27.219999313354492,89.0199966430664
76,2024-04-04,168.82000732421875,286.2099914550781,86.26000213623047,417.8800048828125,85.90499877929688,123.95999908447266,26.649999618530273,88.30000305175781
77,2024-04-05,169.5800018310547,286.0799865722656,87.56999969482422,425.5199890136719,88.00800323486328,125.86000061035156,26.65999984741211,89.31999969482422
78,2024-04-08,168.4499969482422,285.67999267578125,89.1500015258789,424.5899963378906,87.13300323486328,127.45999908447266,26.579999923706055,89.7300033569336
79,2024-04-09,169.6699981689453,275.5,91.66999816894531,426.2799987792969,85.35399627685547,124.86000061035156,26.780000686645508,91.5199966430664
80,2024-04-10,167.77999877929688,275.1499938964844,88.08999633789062,423.260009765625,87.03900146484375,124.93000030517578,26.31999969482422,92.94999694824219
81,2024-04-11,175.0399932861328,276.30999755859375,89.27999877929688,427.92999267578125,90.61599731445312,125.4000015258789,26.34000015258789,93.70999908447266
82,2024-04-12,176.5500030517578,275.7200012207031,85.63999938964844,421.8999938964844,88.18599700927734,124.51000213623047,25.860000610351562,91.80000305175781
83,2024-04-15,172.69000244140625,275.0,85.69999694824219,413.6400146484375,86.0009994506836,123.9000015258789,25.90999984741211,91.11000061035156
84,2024-04-16,169.3800048828125,274.0,85.93000030517578,414.5799865722656,87.41500091552734,123.44999694824219,25.690000534057617,92.1500015258789
85,2024-04-17,168.0,271.2200012207031,85.06999969482422,411.8399963378906,84.03500366210938,124.52999877929688,25.420000076293945,91.56999969482422
86,2024-04-18,167.0399932861328,268.8399963378906,84.20999908447266,404.2699890136719,84.6709976196289,122.75,25.389999389648438,86.58999633789062
87,2024-04-19,165.0,271.6600036621094,81.68000030517578,399.1199951171875,76.19999694824219,122.70999908447266,26.0,83.04000091552734
88,2024-04-22,165.83999633789062,274.489990234375,83.52999877929688,400.9599914550781,79.51799774169922,125.26000213623047,26.260000228881836,84.16000366210938
89,2024-04-23,166.89999389648438,274.4700012207031,86.19000244140625,407.57000732421875,82.4229965209961,128.63999938964844,26.31999969482422,85.80000305175781
90,2024-04-24,169.02000427246094,275.8399963378906,90.68000030517578,409.05999755859375,79.677001953125,126.16000366210938,26.270000457763672,85.81999969482422
91,2024-04-25,169.88999938964844,275.9800109863281,92.20999908447266,399.0400085449219,82.63200378417969,125.79000091552734,25.260000228881836,88.25
92,2024-04-26,169.3000030517578,276.9700012207031,93.5999984741211,406.32000732421875,87.73500061035156,126.8499984741211,25.399999618530273,88.13999938964844
93,2024-04-29,173.5,278.54998779296875,93.18000030517578,402.25,87.75700378417969,126.87999725341797,25.639999389648438,88.18000030517578
94,2024-04-30,170.3300018310547,276.92999267578125,91.9800033569336,389.3299865722656,86.4020004272461,128.30999755859375,25.6200008392334,90.27999877929688
95,2024-05-02,173.02999877929688,245.19000244140625,89.45999908447266,397.8399963378906,85.81700134277344,124.0199966430664,27.700000762939453,87.16000366210938
96,2024-05-03,183.3800048828125,246.22999572753906,91.36000061035156,406.6600036621094,88.78900146484375,123.05000305175781,27.809999465942383,90.54000091552734
97,2024-05-06,181.7100067138672,246.58999633789062,93.76000213623047,413.5400085449219,92.13999938964844,124.58999633789062,28.15999984741211,90.23999786376953
98,2024-05-07,182.39999389648438,248.57000732421875,92.05999755859375,409.3399963378906,90.55400085449219,127.29000091552734,27.770000457763672,89.27999877929688
99,2024-05-08,182.74000549316406,246.9199981689453,91.98999786376953,410.5400085449219,90.41200256347656,126.69000244140625,28.270000457763672,91.33999633789062
100,2024-05-09,184.57000732421875,250.97000122070312,91.4800033569336,412.32000732421875,88.74700164794922,128.66000366210938,28.18000030517578,91.5
101,2024-05-10,183.0500030517578,252.02999877929688,91.5,414.739990234375,89.87799835205078,128.4199981689453,28.010000228881836,96.05999755859375
102,2024-05-13,186.27999877929688,253.92999267578125,92.54000091552734,413.7200012207031,90.39900207519531,132.41000366210938,28.440000534057617,94.1500015258789
103,2024-05-14,187.42999267578125,251.50999450683594,93.86000061035156,416.55999755859375,91.35600280761719,132.9199981689453,28.3799991607666,97.55999755859375
104,2024-05-15,189.72000122070312,251.6300048828125,95.36000061035156,423.0799865722656,94.62999725341797,134.66000366210938,28.81999969482422,99.98999786376953
105,2024-05-16,189.83999633789062,256.1600036621094,94.23999786376953,420.989990234375,94.35900115966797,133.0399932861328,28.920000076293945,97.5
106,2024-05-17,189.8699951171875,255.60000610351562,94.33000183105469,420.2099914550781,92.47899627685547,131.88999938964844,28.639999389648438,96.93000030517578
107,2024-05-20,191.0399932861328,255.58999633789062,96.45999908447266,425.3399963378906,94.77999877929688,132.91000366210938,28.530000686645508,97.56999969482422
108,2024-05-21,192.35000610351562,253.75999450683594,95.77999877929688,429.0400085449219,95.38600158691406,135.16000366210938,28.559999465942383,98.55000305175781
109,2024-05-22,190.89999389648438,254.49000549316406,99.48999786376953,430.5199890136719,94.94999694824219,134.02999877929688,29.600000381469727,100.5
110,2024-05-23,186.8800048828125,252.8800048828125,98.13999938964844,427.0,103.79900360107422,135.57000732421875,28.690000534057617,101.61000061035156
111,2024-05-24,189.97999572753906,256.20001220703125,98.2300033569336,430.1600036621094,106.46900177001953,136.0399932861328,28.8799991607666,103.0
112,2024-05-28,189.99000549316406,252.75,98.81999969482422,430.32000732421875,113.9010009765625,134.0800018310547,28.299999237060547,102.58000183105469
113,2024-05-29,190.2899932861328,248.3000030517578,95.55999755859375,429.1700134277344,114.82499694824219,132.67999267578125,27.81999969482422,100.5999984741211
114,2024-05-31,192.25,253.10000610351562,97.2300033569336,415.1300048828125,109.63300323486328,135.27999877929688,28.65999984741211,99.4000015258789
115,2024-06-03,194.02999877929688,250.3800048828125,95.62000274658203,413.5199890136719,115.0,135.6199951171875,29.309999465942383,101.44000244140625
116,2024-06-04,194.35000610351562,250.4600067138672,94.0,416.07000732421875,116.43699645996094,139.9199981689453,29.489999771118164,100.4000015258789
117,2024-06-05,195.8699951171875,251.55999755859375,94.30000305175781,424.010009765625,122.44000244140625,141.0,29.549999237060547,107.63999938964844
118,2024-06-06,194.47999572753906,250.6300048828125,93.36000061035156,424.5199890136719,120.99800109863281,142.39999389648438,28.799999237060547,106.97000122070312
119,2024-06-07,196.88999938964844,249.2100067138672,92.8499984741211,423.8500061035156,120.88800048828125,142.8800048828125,28.579999923706055,109.98999786376953
120,2024-06-10,193.1199951171875,247.94000244140625,94.30000305175781,427.8699951171875,121.79000091552734,143.6300048828125,28.06999969482422,112.30000305175781
121,2024-06-11,207.14999389648438,244.5500030517578,93.52999877929688,432.67999267578125,120.91000366210938,141.7899932861328,28.030000686645508,111.3499984741211
122,2024-06-12,213.07000732421875,243.2899932861328,94.5199966430664,441.05999755859375,125.19999694824219,143.25999450683594,27.65999984741211,116.80000305175781
123,2024-06-13,214.24000549316406,240.25999450683594,92.80999755859375,441.5799865722656,129.61000061035156,142.49000549316406,27.649999618530273,116.75
124,2024-06-14,212.49000549316406,238.4600067138672,91.3499984741211,442.57000732421875,131.8800048828125,142.5,27.530000686645508,115.37000274658203
125,2024-06-17,216.6699981689453,242.02999877929688,91.0199966430664,448.3699951171875,130.97999572753906,140.3699951171875,26.979999542236328,120.18000030517578
126,2024-06-18,214.2899932861328,245.92999267578125,93.44999694824219,446.3399963378906,135.5800018310547,140.8000030517578,27.40999984741211,122.61000061035156
127,2024-06-20,209.67999267578125,247.36000061035156,89.0199966430664,445.70001220703125,130.77999877929688,140.99000549316406,27.739999771118164,119.72000122070312
128,2024-06-21,207.49000549316406,248.91000366210938,91.58000183105469,449.7799987792969,126.56999969482422,141.9600067138672,27.739999771118164,118.55999755859375
129,2024-06-24,208.13999938964844,251.1999969482422,89.18000030517578,447.6700134277344,118.11000061035156,142.27999877929688,28.360000610351562,113.4000015258789
130,2024-06-25,209.07000732421875,251.52000427246094,89.1500015258789,450.95001220703125,126.08999633789062,146.91000366210938,27.989999771118164,117.44000244140625
131,2024-06-26,213.25,249.55999755859375,90.05000305175781,452.1600036621094,126.4000015258789,143.6699981689453,27.420000076293945,118.4000015258789
132,2024-06-27,214.10000610351562,247.9199981689453,89.43000030517578,452.8500061035156,123.98999786376953,144.49000549316406,27.799999237060547,118.0
133,2024-06-28,210.6199951171875,246.3300018310547,91.5,446.95001220703125,123.54000091552734,142.74000549316406,27.979999542236328,121.20999908447266
134,2024-07-01,216.75,246.7899932861328,91.58999633789062,456.7300109863281,124.30000305175781,145.4199981689453,28.219999313354492,121.41000366210938
135,2024-07-02,220.27000427246094,247.47999572753906,92.05999755859375,459.2799987792969,122.66999816894531,142.97999572753906,27.829999923706055,124.51000213623047
136,2024-07-03,221.5500030517578,246.1199951171875,93.58000183105469,460.7699890136719,128.27999877929688,138.8699951171875,27.700000762939453,127.48999786376953
137,2024-07-05,226.33999633789062,243.07000732421875,92.13999938964844,467.55999755859375,125.83000183105469,142.3699951171875,28.049999237060547,125.36000061035156
138,2024-07-08,227.82000732421875,243.0,93.26000213623047,466.239990234375,128.1999969482422,143.07000732421875,27.93000030517578,127.76000213623047
139,2024-07-09,228.67999267578125,241.92999267578125,92.33999633789062,459.5400085449219,131.3800048828125,140.42999267578125,27.719999313354492,125.29000091552734
140,2024-07-10,232.97999572753906,246.67999267578125,95.9800033569336,466.25,134.91000366210938,142.74000549316406,28.350000381469727,129.61000061035156
141,2024-07-11,227.57000732421875,251.6999969482422,92.08999633789062,454.70001220703125,127.4000015258789,139.7899932861328,28.65999984741211,124.94999694824219
142,2024-07-12,230.5399932861328,250.94000244140625,92.61000061035156,453.54998779296875,129.24000549316406,142.0800018310547,28.920000076293945,126.5999984741211
143,2024-07-15,234.39999389648438,255.52000427246094,92.08999633789062,453.9599914550781,128.44000244140625,141.38999938964844,29.100000381469727,125.80999755859375
144,2024-07-16,234.82000732421875,267.4599914550781,94.80999755859375,449.5199890136719,126.36000061035156,140.8699951171875,29.5,126.9000015258789
145,2024-07-17,228.8800048828125,267.1400146484375,91.5199966430664,443.5199890136719,117.98999786376953,135.4199981689453,30.030000686645508,117.5
146,2024-07-18,224.17999267578125,267.2099914550781,91.5199966430664,440.3699951171875,121.08999633789062,129.99000549316406,29.709999084472656,119.5199966430664
147,2024-07-19,224.30999755859375,263.4200134277344,88.7699966430664,437.1099853515625,117.93000030517578,131.5399932861328,29.969999313354492,115.01000213623047
148,2024-07-22,223.9600067138672,266.1300048828125,93.12000274658203,442.94000244140625,123.54000091552734,133.17999267578125,29.600000381469727,117.51000213623047
149,2024-07-23,225.00999450683594,266.69000244140625,89.70999908447266,444.8500061035156,122.58999633789062,133.27999877929688,29.5,118.62999725341797
150,2024-07-24,218.5399932861328,265.29998779296875,86.56999969482422,428.8999938964844,114.25,131.60000610351562,29.979999542236328,112.93000030517578
151,2024-07-25,217.49000549316406,273.95001220703125,85.02999877929688,418.3999938964844,112.27999877929688,127.86000061035156,30.18000030517578,112.66999816894531
152,2024-07-26,217.9600067138672,276.0299987792969,86.83000183105469,425.2699890136719,113.05999755859375,126.7300033569336,30.770000457763672,114.51000213623047
153,2024-07-29,218.24000549316406,277.3599853515625,87.95999908447266,426.7300109863281,111.58999633789062,128.0500030517578,30.719999313354492,112.12999725341797
154,2024-07-30,218.8000030517578,279.760009765625,86.54000091552734,422.9200134277344,103.7300033569336,129.22999572753906,31.389999389648438,107.58999633789062
155,2024-07-31,222.0800018310547,279.9800109863281,88.77999877929688,418.3500061035156,117.0199966430664,132.6300048828125,30.540000915527344,118.02999877929688
156,2024-08-01,218.36000061035156,267.0,84.37000274658203,417.1099853515625,109.20999908447266,132.4600067138672,30.649999618530273,113.98999786376953
157,2024-08-02,219.86000061035156,263.3500061035156,75.43000030517578,408.489990234375,107.2699966430664,127.48999786376953,30.43000030517578,107.5
158,2024-08-05,209.27000427246094,256.0299987792969,73.86000061035156,395.1499938964844,100.44999694824219,126.0,29.739999771118164,105.04000091552734
159,2024-08-06,207.22999572753906,256.54998779296875,74.66999816894531,399.6099853515625,104.25,130.1199951171875,29.31999969482422,109.7699966430664
160,2024-08-07,209.82000732421875,253.44000244140625,72.0,398.42999267578125,98.91000366210938,119.2300033569336,28.850000381469727,109.30000305175781
161,2024-08-08,213.30999755859375,256.55999755859375,77.27999877929688,402.69000244140625,104.97000122070312,128.1699981689453,28.760000228881836,115.0199966430664
162,2024-08-09,216.24000549316406,259.42999267578125,76.08999633789062,406.0199890136719,104.75,133.47000122070312,28.549999237060547,115.05000305175781
163,2024-08-12,217.52999877929688,263.7300109863281,76.41999816894531,406.80999755859375,109.0199966430664,129.88999938964844,28.450000762939453,114.80000305175781
164,2024-08-13,221.27000427246094,262.7699890136719,79.13999938964844,414.010009765625,116.13999938964844,133.57000732421875,28.850000381469727,117.5
165,2024-08-14,221.72000122070312,266.6300048828125,78.0999984741211,416.8599853515625,118.08000183105469,134.4199981689453,28.8799991607666,115.75
166,2024-08-15,224.72000122070312,269.6300048828125,81.30000305175781,421.0299987792969,122.86000061035156,137.57000732421875,28.709999084472656,119.52999877929688
167,2024-08-16,226.0500030517578,270.57000732421875,80.8499984741211,418.4700012207031,124.58000183105469,134.88999938964844,28.299999237060547,119.26000213623047
168,2024-08-19,225.88999938964844,270.8999938964844,82.02999877929688,421.5299987792969,130.0,135.25,28.799999237060547,118.79000091552734
169,2024-08-20,226.50999450683594,275.2300109863281,80.27999877929688,424.79998779296875,127.25,135.80999755859375,28.899999618530273,118.30999755859375
170,2024-08-21,226.39999389648438,271.44000244140625,82.80999755859375,424.1400146484375,128.5,134.9600067138672,29.030000686645508,117.5
171,2024-08-22,224.52999877929688,272.1099853515625,79.77999877929688,415.54998779296875,123.73999786376953,136.8800048828125,28.780000686645508,116.27999877929688
172,2024-08-23,226.83999633789062,274.510009765625,81.79000091552734,416.7900085449219,129.3699951171875,136.97000122070312,28.899999618530273,116.81999969482422
173,2024-08-26,227.17999267578125,276.8399963378906,80.30000305175781,413.489990234375,126.45999908447266,135.3000030517578,28.920000076293945,115.95999908447266
174,2024-08-27,228.02999877929688,276.9100036621094,80.94000244140625,413.8399963378906,128.3000030517578,135.17999267578125,28.81999969482422,117.05999755859375
175,2024-08-28,226.49000549316406,280.04998779296875,79.4000015258789,410.6000061035156,125.61000061035156,134.47999572753906,28.75,117.80000305175781
176,2024-08-29,229.7899932861328,282.8599853515625,80.9800033569336,413.1199951171875,117.58999633789062,137.52000427246094,28.719999313354492,118.8499984741211
177,2024-08-30,229.0,282.7699890136719,82.16000366210938,417.1400146484375,119.37000274658203,139.16000366210938,29.010000228881836,119.70999908447266
178,2024-09-03,222.77000427246094,275.45001220703125,76.4000015258789,409.44000244140625,108.0,136.25999450683594,28.299999237060547,112.8499984741211
179,2024-09-04,220.85000610351562,274.2699890136719,76.88999938964844,408.8999938964844,106.20999908447266,134.52999877929688,28.389999389648438,114.05000305175781
180,2024-09-05,222.3800048828125,270.92999267578125,76.75,408.3900146484375,107.20999908447266,130.88999938964844,28.510000228881836,113.58000183105469
181,2024-09-06,220.82000732421875,269.2099914550781,74.08999633789062,401.70001220703125,102.83000183105469,131.13999938964844,28.559999465942383,110.62999725341797
182,2024-09-09,220.91000366210938,267.739990234375,75.41000366210938,405.7200012207031,106.47000122070312,131.91000366210938,29.40999984741211,113.08999633789062
183,2024-09-10,220.11000061035156,260.8699951171875,75.19000244140625,414.20001220703125,108.0999984741211,129.77999877929688,29.739999771118164,114.33999633789062
184,2024-09-11,222.66000366210938,257.6199951171875,77.44999694824219,423.0400085449219,116.91000366210938,135.22999572753906,29.65999984741211,119.33000183105469
185,2024-09-12,222.77000427246094,258.2799987792969,76.08000183105469,427.0,119.13999938964844,136.66000366210938,29.15999984741211,120.01000213623047
186,2024-09-13,222.5,261.54998779296875,77.62000274658203,430.5899963378906,119.0999984741211,137.0,29.270000457763672,119.77999877929688
187,2024-09-16,216.32000732421875,265.2099914550781,77.0,431.3399963378906,116.77999877929688,136.89999389648438,30.06999969482422,116.4000015258789
188,2024-09-17,216.7899932861328,265.4100036621094,77.0,435.1499938964844,115.58999633789062,132.0,29.829999923706055,114.45999908447266
189,2024-09-18,220.69000244140625,269.0199890136719,76.36000061035156,430.80999755859375,113.37000274658203,132.05999755859375,29.75,113.88999938964844
190,2024-09-19,228.8699951171875,268.0299987792969,78.83000183105469,438.69000244140625,117.87000274658203,134.8800048828125,29.65999984741211,119.69999694824219
191,2024-09-20,228.1999969482422,267.510009765625,77.01000213623047,435.2699890136719,116.0,127.51000213623047,29.420000076293945,120.19999694824219
192,2024-09-23,226.47000122070312,268.1300048828125,77.05999755859375,433.510009765625,116.26000213623047,123.69999694824219,29.309999465942383,120.5999984741211
193,2024-09-24,227.3699951171875,257.32000732421875,77.5,429.1700134277344,120.87000274658203,125.44000244140625,29.5,124.06999969482422
194,2024-09-25,226.3699951171875,257.0199890136719,76.11000061035156,432.1099853515625,123.51000213623047,126.94999694824219,28.93000030517578,124.97000122070312
195,2024-09-26,227.52000427246094,260.3599853515625,80.30999755859375,431.30999755859375,124.04000091552734,124.30000305175781,28.969999313354492,127.33000183105469
196,2024-09-27,227.7899932861328,263.07000732421875,80.58999633789062,428.0199890136719,121.4000015258789,120.76000213623047,29.09000015258789,120.58999633789062
197,2024-09-30,233.0,264.3800048828125,80.29000091552734,430.29998779296875,121.44000244140625,119.06999969482422,28.940000534057617,118.04000091552734
198,2024-10-01,226.2100067138672,264.6499938964844,77.48999786376953,420.69000244140625,117.0,118.01000213623047,28.670000076293945,117.43000030517578
199,2024-10-02,226.77999877929688,261.5199890136719,78.22000122070312,417.1300048828125,118.8499984741211,116.4800033569336,28.610000610351562,120.0999984741211
200,2024-10-03,225.6699981689453,257.45001220703125,77.33000183105469,416.5400085449219,122.8499984741211,115.08000183105469,28.34000015258789,123.20999908447266
201,2024-10-04,226.8000030517578,258.29998779296875,77.68000030517578,416.05999755859375,124.91999816894531,115.12000274658203,28.579999923706055,123.20999908447266
202,2024-10-07,221.69000244140625,256.3800048828125,76.44999694824219,409.5400085449219,127.72000122070312,117.7699966430664,29.200000762939453,126.77999877929688
203,2024-10-08,225.77000427246094,257.9100036621094,77.30999755859375,414.7099914550781,132.88999938964844,117.19999694824219,29.18000030517578,129.10000610351562
204,2024-10-09,229.5399932861328,258.0799865722656,78.19000244140625,417.4599914550781,132.64999389648438,117.0,30.190000534057617,130.3300018310547
205,2024-10-10,229.0399932861328,252.85000610351562,77.33999633789062,415.8399963378906,134.80999755859375,117.52999877929688,29.34000015258789,130.10000610351562
206,2024-10-11,227.5500030517578,259.3900146484375,77.9800033569336,416.32000732421875,134.8000030517578,120.04000091552734,29.15999984741211,133.30999755859375
207,2024-10-14,231.3000030517578,260.8399963378906,78.98999786376953,419.1400146484375,138.07000732421875,119.77999877929688,29.079999923706055,134.67999267578125
208,2024-10-15,233.85000610351562,259.3299865722656,75.2300033569336,418.739990234375,131.60000610351562,117.80999755859375,29.440000534057617,132.69000244140625
209,2024-10-16,231.77999877929688,260.6600036621094,75.88999938964844,416.1199951171875,135.72000122070312,118.02999877929688,29.670000076293945,131.7100067138672
210,2024-10-17,232.14999389648438,261.8699951171875,76.58000183105469,416.7200012207031,136.92999267578125,118.22000122070312,29.270000457763672,146.10000610351562
211,2024-10-18,235.0,261.5299987792969,77.33999633789062,418.1600036621094,138.0,118.08999633789062,29.219999313354492,143.64999389648438
212,2024-10-21,236.47999572753906,261.239990234375,75.18000030517578,418.7799987792969,143.7100067138672,117.33000183105469,28.93000030517578,143.32000732421875
213,2024-10-22,235.86000061035156,257.1099853515625,75.43000030517578,427.510009765625,143.58999633789062,116.47000122070312,28.84000015258789,141.35000610351562
214,2024-10-23,230.75999450683594,256.0,75.2699966430664,424.6000061035156,139.55999755859375,115.73999786376953,28.860000610351562,142.75
215,2024-10-24,230.57000732421875,254.6999969482422,75.86000061035156,424.7300109863281,140.41000366210938,113.91999816894531,28.639999389648438,140.75
216,2024-10-25,231.41000366210938,253.8300018310547,76.29000091552734,428.1499938964844,141.5399932861328,113.37999725341797,28.450000762939453,146.17999267578125
217,2024-10-28,233.39999389648438,255.16000366210938,77.19999694824219,426.5899963378906,140.52000427246094,112.36000061035156,28.860000610351562,138.83999633789062
218,2024-10-29,233.6699981689453,253.75999450683594,79.05000305175781,431.95001220703125,141.25,111.9800033569336,28.459999084472656,142.02999877929688
219,2024-10-30,230.10000610351562,250.49000549316406,75.58000183105469,432.5299987792969,139.33999633789062,113.23999786376953,28.520000457763672,140.0
220,2024-10-31,225.91000366210938,184.9600067138672,73.37000274658203,406.3500061035156,132.75999450683594,111.94999694824219,28.299999237060547,138.0800018310547
221,2024-11-01,222.91000366210938,189.22999572753906,74.80999755859375,410.3699951171875,135.39999389648438,111.94000244140625,28.09000015258789,140.6199951171875
222,2024-11-04,222.00999450683594,191.0399932861328,74.47000122070312,408.4599914550781,136.0500030517578,109.72000122070312,27.760000228881836,136.5500030517578
223,2024-11-05,223.4499969482422,193.24000549316406,75.08999633789062,411.4599914550781,139.91000366210938,110.12999725341797,27.989999771118164,139.64999389648438
224,2024-11-06,222.72000122070312,203.2100067138672,73.75,420.17999267578125,145.61000061035156,105.36000061035156,27.360000610351562,137.75
225,2024-11-07,227.47999572753906,197.82000732421875,74.33999633789062,425.42999267578125,148.8800048828125,107.62999725341797,27.459999084472656,143.89999389648438
226,2024-11-08,226.9600067138672,202.66000366210938,72.87000274658203,422.5400085449219,147.6300048828125,107.19999694824219,26.719999313354492,144.47000122070312
227,2024-11-11,224.22999572753906,206.6300048828125,69.87999725341797,418.010009765625,145.25999450683594,109.08999633789062,26.239999771118164,138.6999969482422
228,2024-11-12,224.22999572753906,204.60000610351562,67.30000305175781,423.0299987792969,148.2899932861328,107.05999755859375,26.190000534057617,138.22000122070312
229,2024-11-13,225.1199951171875,204.0,66.58999633789062,425.20001220703125,146.27000427246094,106.91000366210938,26.719999313354492,135.9199981689453
230,2024-11-14,228.22000122070312,195.3300018310547,65.5999984741211,426.8900146484375,146.75999450683594,105.31999969482422,26.020000457763672,137.0
231,2024-11-18,228.02000427246094,196.3000030517578,65.25,415.760009765625,140.14999389648438,99.80999755859375,24.860000610351562,135.14999389648438
232,2024-11-19,228.27999877929688,191.61000061035156,64.87999725341797,417.7900085449219,147.00999450683594,102.62999725341797,25.100000381469727,137.1999969482422
233,2024-11-21,228.52000427246094,195.3000030517578,66.51000213623047,412.8699951171875,146.6699981689453,102.62999725341797,25.1299991607666,138.19000244140625
234,2024-11-22,229.8699951171875,198.9499969482422,66.69000244140625,417.0,141.9499969482422,105.05999755859375,25.649999618530273,138.35000610351562
235,2024-11-25,232.8699951171875,198.8800048828125,69.8499984741211,418.7900085449219,136.02000427246094,104.55999755859375,26.170000076293945,133.8000030517578
236,2024-11-26,235.05999755859375,197.97999572753906,68.41000366210938,427.989990234375,136.9199981689453,106.12999725341797,25.770000457763672,135.08999633789062
237,2024-11-27,234.92999267578125,199.3699951171875,67.87000274658203,422.989990234375,135.33999633789062,106.12999725341797,25.829999923706055,134.75
238,2024-11-29,237.3300018310547,197.9199981689453,68.16999816894531,423.4599914550781,138.25,106.80000305175781,26.209999084472656,138.91000366210938
239,2024-12-02,239.58999633789062,194.83999633789062,70.30999755859375,430.9800109863281,138.6300048828125,108.66999816894531,25.81999969482422,148.10000610351562
240,2024-12-03,242.64999389648438,191.8699951171875,65.38999938964844,431.20001220703125,140.25999450683594,109.19999694824219,25.559999465942383,150.50999450683594
241,2024-12-04,243.00999450683594,192.89999389648438,61.63999938964844,437.4200134277344,145.13999938964844,108.97000122070312,25.229999542236328,152.5800018310547
242,2024-12-05,243.0399932861328,188.8800048828125,58.25,442.6199951171875,145.05999755859375,108.81999969482422,25.700000762939453,153.0
243,2024-12-06,242.83999633789062,187.9499969482422,59.290000915527344,443.57000732421875,142.44000244140625,110.7699966430664,25.729999542236328,153.3800048828125
244,2024-12-09,246.75,193.25,61.869998931884766,446.0199890136719,138.80999755859375,111.08000183105469,26.100000381469727,151.99000549316406
245,2024-12-10,247.77000427246094,190.97999572753906,61.91999816894531,443.3299865722656,135.07000732421875,109.19000244140625,25.56999969482422,145.60000610351562
246,2024-12-11,246.49000549316406,191.52000427246094,61.52000045776367,448.989990234375,139.30999755859375,111.69000244140625,25.229999542236328,145.39999389648438
247,2024-12-12,247.9600067138672,190.85000610351562,61.5,449.55999755859375,137.33999633789062,108.61000061035156,25.3700008392334,142.91000366210938
248,2024-12-13,248.1300048828125,192.13999938964844,59.93000030517578,447.2699890136719,134.25,106.94999694824219,25.579999923706055,152.0800018310547
249,2024-12-16,251.0399932861328,198.27000427246094,59.08000183105469,451.5899963378906,132.0,108.05000305175781,25.25,155.99000549316406
250,2024-12-17,253.47999572753906,193.49000549316406,58.290000915527344,454.4599914550781,130.38999938964844,108.01000213623047,26.43000030517578,152.7100067138672
251,2024-12-18,248.0500030517578,194.44000244140625,56.13999938964844,437.3900146484375,128.91000366210938,105.95999908447266,25.889999389648438,154.5
252,2024-12-19,249.7899932861328,187.61000061035156,55.9900016784668,437.0299987792969,130.67999267578125,103.44000244140625,25.770000457763672,150.10000610351562
253,2024-12-20,254.49000549316406,190.4499969482422,55.5099983215332,436.6000061035156,134.6999969482422,85.0,26.360000610351562,149.9499969482422
254,2024-12-23,255.27000427246094,190.41000366210938,57.869998931884766,435.25,139.6699981689453,88.70999908447266,26.709999084472656,159.0
255,2024-12-26,259.0199890136719,191.8300018310547,58.470001220703125,438.1099853515625,139.92999267578125,87.6500015258789,26.559999465942383,156.07000732421875
256,2024-12-27,255.58999633789062,190.4199981689453,58.34000015258789,430.5299987792969,137.00999450683594,87.37000274658203,26.6200008392334,155.57000732421875
257,2024-12-30,252.1999969482422,188.41000366210938,57.119998931884766,424.8299865722656,137.49000549316406,85.7300033569336,26.420000076293945,154.5
258,2025-01-02,243.85000610351562,187.61000061035156,56.880001068115234,418.5799865722656,138.30999755859375,87.5199966430664,26.610000610351562,155.05999755859375
259,2025-01-03,243.36000061035156,188.0800018310547,57.66999816894531,423.3500061035156,144.47000122070312,87.6500015258789,26.59000015258789,159.17999267578125
260,2025-01-06,245.0,186.6999969482422,58.290000915527344,427.8500061035156,149.42999267578125,85.02999877929688,26.889999389648438,167.24000549316406
261,2025-01-07,242.2100067138672,189.0500030517578,57.470001220703125,422.3699951171875,140.13999938964844,83.33999633789062,27.1299991607666,161.72000122070312
262,2025-01-08,242.6999969482422,189.66000366210938,56.380001068115234,424.55999755859375,140.11000061035156,85.63999938964844,26.860000610351562,158.63999938964844
263,2025-01-10,236.85000610351562,190.02000427246094,55.189998626708984,418.95001220703125,135.91000366210938,86.26000213623047,26.719999313354492,158.57000732421875
264,2025-01-13,234.39999389648438,195.13999938964844,55.90999984741211,417.19000244140625,133.22999572753906,84.62000274658203,26.799999237060547,152.89999389648438
265,2025-01-14,233.27999877929688,197.42999267578125,56.880001068115234,415.6700134277344,131.75999450683594,81.18000030517578,26.40999984741211,152.8000030517578
266,2025-01-15,237.8699951171875,198.6999969482422,57.0,426.30999755859375,136.24000549316406,82.91999816894531,26.219999313354492,155.35000610351562
267,2025-01-16,228.25999450683594,201.02000427246094,56.189998626708984,424.5799865722656,133.57000732421875,83.06999969482422,26.489999771118164,162.94000244140625
268,2025-01-17,229.97999572753906,202.5500030517578,57.970001220703125,429.0299987792969,137.7100067138672,78.69000244140625,26.299999237060547,159.97999572753906
269,2025-01-21,222.63999938964844,208.61000061035156,58.5099983215332,428.5,140.8300018310547,81.02999877929688,26.639999389648438,164.35000610351562
