Index,Date,AVGO,BLBD,ELF,FTCI,LEAT,LLY,LNTH,NXT,PRKR,QXO,TMDX,TREE,TSSI,UBER,ZETA
1,2023-12-11,102.92400360107422,21.809999465942383,128.61000061035156,8.199999809265137,9.5,584.0399780273438,71.97000122070312,40.97999954223633,0.1899999976158142,87.04000091552734,71.93000030517578,23.309999465942383,0.27000001072883606,62.459999084472656,7.760000228881836
2,2023-12-12,107.22799682617188,24.09000015258789,131.07000732421875,7.659999847412109,9.399999618530273,584.760009765625,75.51000213623047,41.880001068115234,0.18000000715255737,76.0,73.19000244140625,23.040000915527344,0.2800000011920929,62.720001220703125,8.069999694824219
3,2023-12-13,108.96900177001953,25.709999084472656,141.7899932861328,8.149999618530273,9.399999618530273,597.5,76.55999755859375,43.18000030517578,0.18000000715255737,79.27999877929688,76.48999786376953,26.56999969482422,0.2800000011920929,61.970001220703125,8.579999923706055
4,2023-12-14,110.64900207519531,26.010000228881836,143.2100067138672,8.899999618530273,9.109999656677246,573.6699829101562,77.88999938964844,46.70000076293945,0.18000000715255737,67.68000030517578,79.0,28.700000762939453,0.30000001192092896,62.5,8.59000015258789
5,2023-12-15,112.9739990234375,24.889999389648438,144.3699951171875,9.420000076293945,9.300000190734863,572.0399780273438,76.04000091552734,47.869998931884766,0.17000000178813934,68.80000305175781,77.5,29.65999984741211,0.30000001192092896,61.86000061035156,8.550000190734863
6,2023-12-18,114.69999694824219,25.709999084472656,147.77999877929688,8.100000381469727,9.300000190734863,579.760009765625,55.599998474121094,47.459999084472656,0.1599999964237213,77.68000030517578,76.87000274658203,30.059999465942383,0.30000001192092896,61.72999954223633,8.550000190734863
7,2023-12-19,113.95800018310547,26.059999465942383,152.52999877929688,7.75,9.199999809265137,579.8099975585938,59.89500045776367,45.310001373291016,0.17000000178813934,76.63999938964844,78.2300033569336,30.920000076293945,0.33000001311302185,62.119998931884766,8.979999542236328
8,2023-12-20,111.03800201416016,25.700000762939453,144.64999389648438,7.320000171661377,9.359999656677246,570.2100219726562,58.209999084472656,45.16999816894531,0.17000000178813934,81.5199966430664,77.2300033569336,28.899999618530273,0.33000001311302185,60.68000030517578,8.630000114440918
9,2023-12-21,112.72899627685547,25.610000610351562,145.1999969482422,6.960000038146973,9.319999694824219,572.0,59.349998474121094,49.380001068115234,0.18000000715255737,91.91999816894531,78.80999755859375,30.559999465942383,0.3199999928474426,61.459999084472656,8.720000267028809
10,2023-12-22,112.197998046875,25.920000076293945,143.83999633789062,6.570000171661377,9.350000381469727,570.3900146484375,59.59000015258789,49.25,0.15000000596046448,86.95999908447266,78.58999633789062,31.170000076293945,0.25999999046325684,61.709999084472656,8.960000038146973
11,2023-12-26,113.18900299072266,27.780000686645508,143.74000549316406,7.369999885559082,9.369999885559082,570.6699829101562,61.15999984741211,48.779998779296875,0.15000000596046448,94.87999725341797,80.69000244140625,31.3799991607666,0.3199999928474426,61.97999954223633,8.989999771118164
12,2023-12-27,112.61699676513672,28.18000030517578,144.0500030517578,7.289999961853027,9.5,581.510009765625,61.5099983215332,48.70000076293945,0.18000000715255737,104.4000015258789,80.54000091552734,31.489999771118164,0.3100000023841858,63.279998779296875,8.9399995803833
13,2023-12-28,112.24099731445312,27.770000457763672,145.11000061035156,7.159999847412109,9.59000015258789,580.8499755859375,62.28499984741211,47.45000076293945,0.17000000178813934,123.5999984741211,81.08000183105469,31.25,0.30000001192092896,63.13999938964844,8.859999656677246
14,2023-12-29,111.625,26.959999084472656,144.33999633789062,6.929999828338623,9.550000190734863,582.9199829101562,62.0,46.849998474121094,0.1599999964237213,136.8800048828125,78.93000030517578,30.31999969482422,0.27000001072883606,61.56999969482422,8.819999694824219
15,2024-01-02,108.53800201416016,26.309999465942383,139.66000366210938,6.949999809265137,9.5,592.2000122070312,63.099998474121094,47.41999816894531,0.1599999964237213,129.36000061035156,76.80000305175781,29.40999984741211,0.28999999165534973,58.380001068115234,8.399999618530273
16,2024-01-03,105.85800170898438,25.079999923706055,132.16000366210938,6.920000076293945,9.4399995803833,617.7000122070312,62.7599983215332,46.40999984741211,0.1599999964237213,121.91999816894531,74.87000274658203,28.6299991607666,0.28999999165534973,58.25,7.949999809265137
17,2024-01-04,104.9010009765625,25.209999084472656,137.27000427246094,6.409999847412109,9.600000381469727,614.5,64.33000183105469,42.119998931884766,0.1599999964237213,148.0,75.08000183105469,29.469999313354492,0.25,57.79999923706055,8.039999961853027
18,2024-01-05,104.9280014038086,24.8799991607666,138.02000427246094,6.25,9.899999618530273,618.5499877929688,64.48999786376953,41.9900016784668,0.1599999964237213,175.83999633789062,73.88999938964844,28.549999237060547,0.30000001192092896,57.58000183105469,8.130000114440918
19,2024-01-08,107.48500061035156,24.799999237060547,150.64999389648438,6.429999828338623,9.859999656677246,626.030029296875,65.30000305175781,41.380001068115234,0.15000000596046448,151.75999450683594,79.29000091552734,34.869998931884766,0.25999999046325684,59.0099983215332,8.619999885559082
20,2024-01-09,108.2490005493164,25.31999969482422,154.67999267578125,5.909999847412109,9.670000076293945,625.47998046875,63.06999969482422,42.040000915527344,0.1599999964237213,144.24000549316406,85.69000244140625,33.68000030517578,0.3100000023841858,60.29999923706055,8.550000190734863
21,2024-01-10,108.05699920654297,25.049999237060547,155.6300048828125,5.630000114440918,9.670000076293945,630.1900024414062,59.290000915527344,42.119998931884766,0.1599999964237213,131.67999267578125,83.80000305175781,32.41999816894531,0.3499999940395355,62.40999984741211,9.130000114440918
22,2024-01-11,109.99800109863281,24.799999237060547,159.07000732421875,5.429999828338623,9.649999618530273,635.719970703125,56.849998474121094,41.220001220703125,0.1899999976158142,126.63999938964844,82.58000183105469,28.989999771118164,0.28999999165534973,63.470001220703125,9.289999961853027
23,2024-01-12,110.76799774169922,24.600000381469727,157.61000061035156,5.679999828338623,9.609999656677246,642.9199829101562,56.2400016784668,42.119998931884766,0.17000000178813934,120.55999755859375,81.44999694824219,28.6200008392334,0.30000001192092896,63.20000076293945,9.649999618530273
24,2024-01-16,111.49600219726562,24.5,163.92999267578125,5.110000133514404,9.600000381469727,634.5700073242188,55.29999923706055,41.189998626708984,0.1599999964237213,107.44000244140625,79.29000091552734,28.389999389648438,0.3100000023841858,63.650001525878906,9.359999656677246
25,2024-01-17,110.36699676513672,24.969999313354492,163.10000610351562,4.809999942779541,9.449999809265137,628.9099731445312,55.27000045776367,41.88999938964844,0.1599999964237213,100.08000183105469,78.66000366210938,25.969999313354492,0.33000001311302185,63.119998931884766,9.109999656677246
26,2024-01-18,114.39099884033203,25.0,156.3800048828125,4.940000057220459,9.59000015258789,623.3499755859375,55.029998779296875,42.93000030517578,0.1599999964237213,109.12000274658203,80.2699966430664,26.09000015258789,0.2800000011920929,64.87999725341797,9.65999984741211
27,2024-01-19,121.12000274658203,25.299999237060547,157.7899932861328,5.260000228881836,9.449999809265137,628.5800170898438,53.08000183105469,43.529998779296875,0.17000000178813934,111.91999816894531,82.18000030517578,27.65999984741211,0.3100000023841858,65.11000061035156,9.760000228881836
28,2024-01-22,122.05000305175781,26.40999984741211,153.86000061035156,5.659999847412109,9.449999809265137,630.8800048828125,54.869998931884766,45.40999984741211,0.1599999964237213,112.0,88.11000061035156,30.8799991607666,0.3199999928474426,64.55000305175781,9.800000190734863
29,2024-01-23,122.63099670410156,27.0,156.17999267578125,5.670000076293945,9.079999923706055,629.6799926757812,52.47999954223633,45.84000015258789,0.17000000178813934,122.4000015258789,84.93000030517578,30.90999984741211,0.3100000023841858,64.31999969482422,9.970000267028809
30,2024-01-24,125.38700103759766,27.299999237060547,154.8699951171875,5.300000190734863,9.09000015258789,633.7000122070312,51.06999969482422,44.27000045776367,0.17000000178813934,117.5999984741211,83.8499984741211,33.31999969482422,0.3199999928474426,63.7599983215332,9.869999885559082
31,2024-01-25,123.0,27.8799991607666,156.5500030517578,5.300000190734863,9.0,627.6199951171875,52.52000045776367,43.689998626708984,0.15000000596046448,109.91999816894531,85.58000183105469,33.400001525878906,0.3199999928474426,66.0,9.859999656677246
32,2024-01-26,120.48799896240234,28.010000228881836,157.13999938964844,5.699999809265137,9.0,639.25,52.880001068115234,43.540000915527344,0.15000000596046448,110.23999786376953,86.44999694824219,33.619998931884766,0.3100000023841858,65.5199966430664,9.920000076293945
33,2024-01-29,121.7770004272461,29.600000381469727,158.83999633789062,5.800000190734863,8.699999809265137,645.0,53.974998474121094,45.029998779296875,0.17000000178813934,109.04000091552734,88.68000030517578,34.4900016784668,0.30000001192092896,66.9800033569336,9.989999771118164
34,2024-01-30,120.81600189208984,29.399999618530273,161.00999450683594,5.170000076293945,8.859999656677246,644.97998046875,53.29999923706055,45.2599983215332,0.1899999976158142,104.95999908447266,87.08999633789062,33.83000183105469,0.30000001192092896,66.83999633789062,9.9399995803833
35,2024-01-31,118.0,29.1299991607666,159.52999877929688,5.010000228881836,9.0,645.6099853515625,51.93000030517578,45.27000045776367,0.20000000298023224,106.4800033569336,85.7699966430664,32.34000015258789,0.28999999165534973,65.2699966430664,9.680000305175781
36,2024-02-01,120.0009994506836,30.729999542236328,162.5,5.239999771118164,8.899999618530273,660.4299926757812,53.0099983215332,56.5,0.20000000298023224,106.08000183105469,88.54000091552734,33.43000030517578,0.25999999046325684,66.7300033569336,9.949999809265137
37,2024-02-02,122.43399810791016,30.90999984741211,169.75999450683594,5.050000190734863,8.75,667.6500244140625,54.0,57.9900016784668,0.18000000715255737,105.83999633789062,88.19999694824219,31.65999984741211,0.27000001072883606,68.06999969482422,9.859999656677246
38,2024-02-05,124.30999755859375,31.030000686645508,169.74000549316406,4.619999885559082,8.699999809265137,706.2000122070312,54.060001373291016,56.15999984741211,0.18000000715255737,98.0,86.55999755859375,29.65999984741211,0.27000001072883606,68.98999786376953,9.640000343322754
39,2024-02-06,122.26499938964844,31.170000076293945,173.32000732421875,4.889999866485596,8.699999809265137,705.030029296875,54.9900016784668,55.7599983215332,0.18000000715255737,96.95999908447266,86.68000030517578,30.100000381469727,0.27000001072883606,70.47000122070312,9.729999542236328
40,2024-02-07,125.70600128173828,31.25,164.82000732421875,4.739999771118164,8.699999809265137,725.3800048828125,54.599998474121094,55.41999816894531,0.18000000715255737,104.80000305175781,88.16000366210938,30.90999984741211,0.25999999046325684,70.6500015258789,9.609999656677246
41,2024-02-08,127.47599792480469,30.329999923706055,171.5399932861328,4.989999771118164,8.680000305175781,735.6799926757812,55.560001373291016,57.119998931884766,0.18000000715255737,106.95999908447266,89.19999694824219,34.119998931884766,0.3199999928474426,71.61000061035156,9.770000457763672
42,2024-02-09,128.343994140625,30.549999237060547,174.52000427246094,5.659999847412109,8.350000381469727,740.1599731445312,56.13999938964844,58.06999969482422,0.1899999976158142,119.5199966430664,88.66000366210938,35.959999084472656,0.30000001192092896,70.91000366210938,9.989999771118164
43,2024-02-12,126.5,31.0,171.91000366210938,7.059999942779541,8.359999656677246,737.260009765625,56.54999923706055,58.599998474121094,0.18000000715255737,127.12000274658203,87.98999786376953,36.689998626708984,0.27000001072883606,69.12000274658203,10.170000076293945
44,2024-02-13,125.16500091552734,30.450000762939453,167.86000061035156,6.050000190734863,8.25,742.969970703125,54.88999938964844,57.63999938964844,0.1599999964237213,117.76000213623047,85.51000213623047,34.54999923706055,0.27000001072883606,68.98999786376953,9.729999542236328
45,2024-02-14,126.22200012207031,31.84000015258789,166.77999877929688,6.75,8.350000381469727,757.3099975585938,56.369998931884766,60.88999938964844,0.17000000178813934,124.4800033569336,89.43000030517578,35.599998474121094,0.30000001192092896,79.1500015258789,10.199999809265137
46,2024-02-15,126.50700378417969,33.88999938964844,175.25999450683594,6.389999866485596,8.350000381469727,757.780029296875,57.75,60.54999923706055,0.18000000715255737,121.91999816894531,89.45999908447266,36.560001373291016,0.2800000011920929,81.38999938964844,10.239999771118164
47,2024-02-16,124.5479965209961,32.310001373291016,173.97999572753906,5.71999979019165,8.399999618530273,782.0599975585938,57.459999084472656,60.310001373291016,0.20000000298023224,116.87999725341797,89.93000030517578,36.11000061035156,0.3100000023841858,78.41000366210938,10.329999923706055
48,2024-02-20,122.65499877929688,30.399999618530273,171.3699951171875,5.429999828338623,8.149999618530273,755.6599731445312,56.83000183105469,58.880001068115234,0.18000000715255737,122.4000015258789,88.61000061035156,34.2599983215332,0.3100000023841858,76.5999984741211,10.220000267028809
49,2024-02-21,122.74500274658203,29.899999618530273,172.3300018310547,5.230000019073486,8.050000190734863,745.9099731445312,56.709999084472656,57.599998474121094,0.1899999976158142,122.16000366210938,86.98999786376953,35.02000045776367,0.3400000035762787,76.44000244140625,10.050000190734863
50,2024-02-22,130.49000549316406,31.190000534057617,182.3699951171875,5.230000019073486,8.069999694824219,769.6400146484375,65.05000305175781,57.47999954223633,0.18000000715255737,126.16000366210938,84.80999755859375,34.529998779296875,0.3799999952316284,78.02999877929688,10.359999656677246
51,2024-02-23,129.63699340820312,31.5,185.94000244140625,5.400000095367432,8.149999618530273,769.5399780273438,66.2699966430664,57.939998626708984,0.1899999976158142,131.1999969482422,83.13999938964844,34.09000015258789,0.41999998688697815,78.19999694824219,10.300000190734863
52,2024-02-26,130.91299438476562,32.279998779296875,199.61000061035156,5.230000019073486,8.0,771.9199829101562,68.13999938964844,59.619998931884766,0.1899999976158142,143.44000244140625,77.73999786376953,34.279998779296875,0.4699999988079071,78.36000061035156,10.329999923706055
53,2024-02-27,129.6230010986328,32.9900016784668,202.0,5.460000038146973,7.71999979019165,765.0,68.26000213623047,60.2599983215332,0.1899999976158142,139.36000061035156,88.70999908447266,32.619998931884766,0.47999998927116394,78.75,10.760000228881836
54,2024-02-28,128.94200134277344,32.66999816894531,204.75,4.510000228881836,7.699999809265137,757.6400146484375,65.37000274658203,58.709999084472656,0.1899999976158142,130.32000732421875,82.0,35.369998931884766,0.44999998807907104,77.7300033569336,10.600000381469727
55,2024-02-29,130.0489959716797,33.84000015258789,208.52999877929688,5.119999885559082,7.599999904632568,753.6799926757812,65.37999725341797,56.2400016784668,0.1899999976158142,120.31999969482422,81.5999984741211,39.56999969482422,0.44999998807907104,79.5,10.5
56,2024-03-01,139.91700744628906,34.43000030517578,217.39999389648438,5.070000171661377,7.699999809265137,782.1199951171875,64.63999938964844,57.400001525878906,0.1899999976158142,119.91999816894531,82.72000122070312,39.97999954223633,0.49000000953674316,81.02999877929688,10.329999923706055
57,2024-03-04,140.2259979248047,33.720001220703125,208.9600067138672,5.039999961853027,7.630000114440918,792.280029296875,65.36000061035156,56.7599983215332,0.1899999976158142,124.4000015258789,86.9800033569336,39.849998474121094,0.49000000953674316,81.30000305175781,10.3100004196167
58,2024-03-05,134.27499389648438,33.90999984741211,201.6199951171875,4.900000095367432,7.599999904632568,777.5900268554688,64.44000244140625,56.90999984741211,0.18000000715255737,120.55999755859375,82.4000015258789,40.2599983215332,0.49000000953674316,79.08999633789062,10.050000190734863
59,2024-03-06,135.0,34.04999923706055,207.00999450683594,5.0,7.599999904632568,779.77001953125,61.970001220703125,58.47999954223633,0.1899999976158142,117.12000274658203,84.0199966430664,39.099998474121094,0.44999998807907104,78.63999938964844,10.029999732971191
60,2024-03-07,140.7010040283203,32.849998474121094,209.92999267578125,5.059999942779541,7.650000095367432,780.1599731445312,62.59000015258789,59.279998779296875,0.1899999976158142,109.68000030517578,86.75,40.220001220703125,0.46000000834465027,79.41000366210938,10.229999542236328
61,2024-03-08,130.8719940185547,32.400001525878906,200.91000366210938,5.050000190734863,7.849999904632568,762.1400146484375,62.52000045776367,59.56999969482422,0.1899999976158142,108.4800033569336,83.75,41.630001068115234,0.44999998807907104,78.69999694824219,10.199999809265137
62,2024-03-11,129.31199645996094,32.88999938964844,193.97999572753906,4.760000228881836,8.140000343322754,734.3699951171875,62.720001220703125,60.20000076293945,0.20000000298023224,110.08000183105469,82.02999877929688,40.40999984741211,0.4399999976158142,77.47000122070312,10.359999656677246
63,2024-03-12,129.18800354003906,32.959999084472656,205.30999755859375,4.570000171661377,8.600000381469727,754.9500122070312,60.880001068115234,60.150001525878906,0.1899999976158142,112.55999755859375,84.69999694824219,41.2599983215332,0.46000000834465027,78.31999969482422,10.399999618530273
64,2024-03-13,125.78700256347656,33.005001068115234,206.4199981689453,4.75,8.260000228881836,757.8400268554688,59.68000030517578,60.540000915527344,0.1899999976158142,115.36000061035156,82.36000061035156,41.31999969482422,0.44999998807907104,78.25,10.390000343322754
65,2024-03-14,126.22699737548828,32.040000915527344,200.2899932861328,4.449999809265137,8.75,760.72998046875,59.83000183105469,59.099998474121094,0.1899999976158142,107.04000091552734,78.81999969482422,38.4900016784668,0.47999998927116394,77.6500015258789,10.449999809265137
66,2024-03-15,123.55000305175781,31.799999237060547,199.3699951171875,4.420000076293945,9.350000381469727,754.1699829101562,58.16999816894531,59.4900016784668,0.1899999976158142,110.4800033569336,75.94000244140625,37.93000030517578,0.47999998927116394,76.06999969482422,10.3100004196167
67,2024-03-18,123.7239990234375,32.58000183105469,196.86000061035156,4.96999979019165,9.380000114440918,762.6599731445312,56.52000045776367,59.15999984741211,0.18000000715255737,116.4800033569336,74.16000366210938,36.459999084472656,0.47999998927116394,75.69999694824219,10.550000190734863
68,2024-03-19,123.8010025024414,34.2400016784668,190.6699981689453,5.369999885559082,9.989999771118164,772.780029296875,58.439998626708984,57.52000045776367,0.18000000715255737,106.23999786376953,73.58000183105469,37.38999938964844,0.4699999988079071,77.08000183105469,10.819999694824219
69,2024-03-20,127.5999984741211,34.709999084472656,200.5399932861328,5.46999979019165,9.529999732971191,772.8599853515625,59.18000030517578,57.58000183105469,0.1899999976158142,106.87999725341797,74.7750015258789,40.86000061035156,0.4699999988079071,78.63999938964844,11.220000267028809
70,2024-03-21,134.8000030517578,36.25,207.30999755859375,5.78000020980835,10.5,770.260009765625,58.720001220703125,58.27000045776367,0.18000000715255737,109.44000244140625,73.9800033569336,43.34000015258789,0.44999998807907104,80.25,11.119999885559082
71,2024-03-22,135.3470001220703,36.33000183105469,205.60000610351562,4.679999828338623,10.25,770.6099853515625,59.02000045776367,58.470001220703125,0.1899999976158142,104.80000305175781,70.86000061035156,41.31999969482422,0.5199999809265137,80.2300033569336,11.050000190734863
72,2024-03-25,135.1580047607422,36.029998779296875,200.0399932861328,4.789999961853027,10.010000228881836,773.1400146484375,59.029998779296875,59.0,0.1899999976158142,104.23999786376953,71.06999969482422,40.81999969482422,0.5199999809265137,79.41000366210938,11.020000457763672
73,2024-03-26,133.1490020751953,36.650001525878906,197.82000732421875,5.190000057220459,9.369999885559082,774.9000244140625,58.75,56.66999816894531,0.17000000178813934,104.72000122070312,74.48999786376953,39.9900016784668,0.550000011920929,77.91000366210938,10.8100004196167
74,2024-03-27,131.8730010986328,37.849998474121094,196.25,5.880000114440918,9.15999984741211,778.1799926757812,60.459999084472656,58.02000045776367,0.18000000715255737,104.4000015258789,74.12000274658203,40.97999954223633,0.6200000047683716,78.11000061035156,10.930000305175781
75,2024-03-28,132.54100036621094,38.34000015258789,196.02999877929688,5.389999866485596,9.109999656677246,777.9600219726562,62.2400016784668,56.27000045776367,0.1599999964237213,105.5199966430664,73.94000244140625,42.34000015258789,0.6299999952316284,76.98999786376953,10.930000305175781
76,2024-04-01,135.0260009765625,38.380001068115234,191.97000122070312,5.260000228881836,9.119999885559082,760.5499877929688,60.11000061035156,56.20000076293945,0.1899999976158142,102.87999725341797,73.43000030517578,41.689998626708984,0.6000000238418579,76.4000015258789,10.8100004196167
77,2024-04-02,133.87600708007812,37.38999938964844,185.92999267578125,4.849999904632568,9.149999618530273,763.9600219726562,58.869998931884766,52.34000015258789,0.18000000715255737,103.36000061035156,72.62000274658203,39.66999816894531,0.5799999833106995,76.9800033569336,10.449999809265137
78,2024-04-03,136.3209991455078,38.2400016784668,163.77000427246094,5.050000190734863,9.149999618530273,775.989990234375,59.189998626708984,52.06999969482422,0.1899999976158142,104.0,75.3499984741211,40.52000045776367,0.6000000238418579,76.80999755859375,10.529999732971191
79,2024-04-04,131.75,36.40999984741211,162.52999877929688,5.389999866485596,9.0,768.0800170898438,59.779998779296875,50.47999954223633,0.18000000715255737,102.80000305175781,77.19999694824219,38.939998626708984,0.5600000023841858,74.91999816894531,11.930000305175781
80,2024-04-05,133.9429931640625,37.43000030517578,161.3800048828125,5.519999980926514,8.90999984741211,784.2100219726562,60.83000183105469,50.04999923706055,0.18000000715255737,102.72000122070312,85.04000091552734,39.439998626708984,0.5600000023841858,77.16000366210938,12.229999542236328
81,2024-04-08,133.61000061035156,37.0099983215332,165.66000366210938,5.28000020980835,8.90999984741211,777.2899780273438,59.7400016784668,50.9900016784668,0.17000000178813934,100.4000015258789,89.93000030517578,41.060001373291016,0.5699999928474426,75.02999877929688,12.039999961853027
82,2024-04-09,133.4080047607422,36.52000045776367,170.14999389648438,5.360000133514404,8.899999618530273,757.239990234375,60.41999816894531,51.189998626708984,0.17000000178813934,103.83999633789062,93.23500061035156,41.08000183105469,0.5699999928474426,75.13999938964844,12.050000190734863
83,2024-04-10,132.23699951171875,35.900001525878906,167.17999267578125,5.099999904632568,8.510000228881836,761.97998046875,59.86000061035156,49.619998931884766,0.1599999964237213,101.04000091552734,95.6500015258789,38.7400016784668,0.550000011920929,74.3499984741211,11.979999542236328
84,2024-04-11,138.24600219726562,36.380001068115234,167.22000122070312,4.849999904632568,8.899999618530273,759.5900268554688,61.5,49.81999969482422,0.17000000178813934,104.72000122070312,93.94999694824219,39.25,0.5799999833106995,76.18000030517578,12.180000305175781
85,2024-04-12,134.40699768066406,36.029998779296875,162.91000366210938,4.75,8.899999618530273,751.6400146484375,60.790000915527344,47.20000076293945,0.18000000715255737,101.5199966430664,91.81999969482422,37.630001068115234,0.550000011920929,75.27999877929688,11.960000038146973
86,2024-04-15,131.06900024414062,35.529998779296875,163.39999389648438,4.5,8.510000228881836,750.77001953125,60.25,44.83000183105469,0.17000000178813934,111.19999694824219,91.81999969482422,35.29999923706055,0.5600000023841858,73.4000015258789,11.460000038146973
87,2024-04-16,132.906005859375,36.0099983215332,165.67999267578125,4.050000190734863,8.010000228881836,746.739990234375,61.72999954223633,43.689998626708984,0.15000000596046448,117.91999816894531,93.30999755859375,34.849998474121094,0.6000000238418579,74.12999725341797,11.680000305175781
88,2024-04-17,128.26300048828125,34.220001220703125,166.25999450683594,4.070000171661377,8.010000228881836,750.77001953125,61.47999954223633,44.7599983215332,0.17000000178813934,124.72000122070312,87.86000061035156,34.470001220703125,0.6899999976158142,71.94000244140625,11.850000381469727
89,2024-04-18,125.89900207519531,33.619998931884766,167.50999450683594,3.809999942779541,8.010000228881836,745.9500122070312,62.33000183105469,44.529998779296875,0.1599999964237213,110.4000015258789,87.23999786376953,34.279998779296875,0.7599999904632568,71.30000305175781,11.65999984741211
90,2024-04-19,120.47100067138672,33.939998626708984,156.72999572753906,3.9100000858306885,8.020000457763672,726.3099975585938,63.810001373291016,44.0,0.15000000596046448,105.36000061035156,84.16000366210938,34.130001068115234,0.7200000286102295,69.19999694824219,11.699999809265137
91,2024-04-22,122.44599914550781,33.97999954223633,161.4600067138672,3.930000066757202,8.0,731.3300170898438,63.06999969482422,44.0,0.15000000596046448,106.23999786376953,86.51000213623047,35.529998779296875,0.800000011920929,68.9800033569336,11.859999656677246
92,2024-04-23,124.91899871826172,36.290000915527344,176.99000549316406,4.170000076293945,8.0,745.6900024414062,64.41000366210938,44.41999816894531,0.14000000059604645,109.27999877929688,90.5999984741211,37.38999938964844,0.8299999833106995,70.80000305175781,12.119999885559082
93,2024-04-24,125.68199920654297,34.9900016784668,176.97999572753906,4.519999980926514,8.0,732.2000122070312,65.20999908447266,43.90999984741211,0.14000000059604645,103.36000061035156,88.87999725341797,37.4900016784668,0.8299999833106995,69.36000061035156,12.279999732971191
94,2024-04-25,129.44200134277344,33.96500015258789,176.02999877929688,4.019999980926514,8.0,724.8699951171875,65.19999694824219,42.97999954223633,0.14000000059604645,107.44000244140625,89.25,36.43000030517578,0.8100000023841858,69.30999755859375,12.449999809265137
95,2024-04-26,134.40699768066406,33.970001220703125,179.6300048828125,4.289999961853027,8.0,733.510009765625,65.55999755859375,43.7599983215332,0.15000000596046448,111.5199966430664,92.08000183105469,37.900001525878906,0.800000011920929,69.05000305175781,12.890000343322754
96,2024-04-29,133.86199951171875,34.52000045776367,171.86000061035156,4.480000019073486,8.0,737.2000122070312,67.26000213623047,44.11000061035156,0.15000000596046448,120.0,97.25,37.349998474121094,0.8299999833106995,67.4000015258789,12.640000343322754
97,2024-04-30,130.02699279785156,32.95500183105469,162.52999877929688,4.599999904632568,8.0,781.0999755859375,66.54000091552734,42.790000915527344,0.14000000059604645,114.4800033569336,94.12999725341797,48.27000045776367,0.8299999833106995,66.2699966430664,12.359999656677246
98,2024-05-01,124.28600311279297,32.83000183105469,158.52000427246094,4.46999979019165,7.550000190734863,776.75,67.38999938964844,42.869998931884766,0.14000000059604645,113.68000030517578,117.5999984741211,47.88999938964844,0.8100000023841858,67.79000091552734,12.600000381469727
99,2024-05-02,123.85700225830078,34.29999923706055,160.52999877929688,4.659999847412109,7.599999904632568,755.9099731445312,78.18000030517578,43.68000030517578,0.14000000059604645,111.83999633789062,124.44000244140625,49.33000183105469,0.8399999737739563,68.56999969482422,12.609999656677246
100,2024-05-03,127.81099700927734,35.400001525878906,160.1199951171875,5.429999828338623,7.650000095367432,734.969970703125,75.52999877929688,46.099998474121094,0.15000000596046448,111.68000030517578,127.98999786376953,49.40999984741211,0.8299999833106995,69.2300033569336,12.819999694824219
101,2024-05-06,131.031005859375,36.66999816894531,164.69000244140625,5.340000152587891,7.650000095367432,766.6799926757812,75.51000213623047,46.88999938964844,0.1599999964237213,118.72000122070312,132.64999389648438,50.18000030517578,0.8999999761581421,71.51000213623047,13.0
102,2024-05-07,130.31100463867188,37.11000061035156,163.61000061035156,5.730000019073486,7.800000190734863,777.77001953125,76.01000213623047,46.02000045776367,0.17000000178813934,112.95999908447266,127.27999877929688,48.93000030517578,0.8600000143051147,70.43000030517578,15.380000114440918
103,2024-05-08,132.53700256347656,37.540000915527344,161.3800048828125,5.130000114440918,7.800000190734863,775.0,74.51000213623047,43.72999954223633,0.17000000178813934,118.08000183105469,127.22000122070312,47.810001373291016,0.9100000262260437,66.4000015258789,15.569999694824219
104,2024-05-09,130.56700134277344,46.720001220703125,170.42999267578125,5.5,7.849999904632568,771.5499877929688,75.9000015258789,43.20000076293945,0.17000000178813934,118.87999725341797,128.77000427246094,48.2599983215332,0.9100000262260437,67.93000030517578,15.800000190734863
105,2024-05-10,133.27999877929688,48.7400016784668,164.08999633789062,4.659999847412109,7.800000190734863,760.0,76.0199966430664,42.25,0.1599999964237213,114.80000305175781,129.97999572753906,46.54999923706055,0.9200000166893005,66.98999786376953,15.800000190734863
106,2024-05-13,133.75100708007812,48.7599983215332,161.72999572753906,4.989999771118164,7.800000190734863,757.7000122070312,77.87999725341797,43.06999969482422,0.1599999964237213,117.5199966430664,132.0399932861328,48.189998626708984,0.9300000071525574,66.0199966430664,15.779999732971191
107,2024-05-14,138.0030059814453,50.2599983215332,161.5500030517578,5.139999866485596,7.610000133514404,763.97998046875,78.69999694824219,43.0099983215332,0.17000000178813934,122.08000183105469,132.44000244140625,46.709999084472656,1.399999976158142,65.31999969482422,16.299999237060547
108,2024-05-15,143.61700439453125,52.97999954223633,168.32000732421875,5.059999942779541,7.300000190734863,787.02001953125,79.5999984741211,45.97999954223633,0.18000000715255737,126.4000015258789,136.13999938964844,46.619998931884766,1.2799999713897705,66.62000274658203,17.020000457763672
109,2024-05-16,141.21299743652344,52.459999084472656,162.25999450683594,4.849999904632568,7.349999904632568,771.1199951171875,81.0999984741211,43.810001373291016,0.1599999964237213,130.0800018310547,134.92999267578125,46.0099983215332,1.4600000381469727,66.05000305175781,17.100000381469727
110,2024-05-17,139.5290069580078,53.08000183105469,158.4499969482422,4.989999771118164,7.300000190734863,770.0,79.66999816894531,44.20000076293945,0.17000000178813934,123.19999694824219,137.97999572753906,45.70000076293945,1.399999976158142,65.66999816894531,17.420000076293945
111,2024-05-20,141.4029998779297,55.54999923706055,153.77000427246094,5.070000171661377,7.300000190734863,783.1799926757812,82.87000274658203,44.400001525878906,0.1599999964237213,129.52000427246094,138.6199951171875,45.61000061035156,1.4800000190734863,64.6500015258789,17.6200008392334
112,2024-05-21,139.9199981689453,54.45000076293945,158.97000122070312,4.71999979019165,7.230000019073486,803.1699829101562,80.69999694824219,47.04999923706055,0.1599999964237213,129.44000244140625,138.4199981689453,44.54999923706055,1.3300000429153442,63.970001220703125,18.239999771118164
113,2024-05-22,139.2239990234375,53.61000061035156,155.6300048828125,5.199999809265137,7.230000019073486,802.9099731445312,81.34500122070312,53.439998626708984,0.17000000178813934,124.95999908447266,136.97000122070312,44.150001525878906,1.399999976158142,65.4800033569336,18.139999389648438
114,2024-05-23,139.32899475097656,53.619998931884766,184.77000427246094,4.900000095367432,7.230000019073486,808.4500122070312,79.0,51.31999969482422,0.1599999964237213,120.0,137.52999877929688,43.060001373291016,1.4800000190734863,63.599998474121094,17.149999618530273
115,2024-05-24,140.78399658203125,54.540000915527344,191.4199981689453,4.900000095367432,7.199999809265137,807.4299926757812,78.22000122070312,56.77000045776367,0.17000000178813934,127.91999816894531,140.2899932861328,45.060001373291016,1.9800000190734863,64.26000213623047,17.25
116,2024-05-28,141.2449951171875,55.20000076293945,193.24000549316406,5.159999847412109,7.150000095367432,807.8599853515625,79.44000244140625,55.33000183105469,0.1599999964237213,141.75999450683594,142.86000061035156,46.400001525878906,2.009999990463257,63.52000045776367,17.0
117,2024-05-29,139.06700134277344,55.220001220703125,183.77000427246094,4.809999942779541,7.0,811.530029296875,79.7699966430664,56.310001373291016,0.17000000178813934,155.60000610351562,142.3000030517578,43.220001220703125,2.2699999809265137,64.93000030517578,17.1299991607666
118,2024-05-30,136.4080047607422,56.7400016784668,182.39999389648438,4.840000152587891,7.039999961853027,815.0599975585938,80.5199966430664,56.650001525878906,0.15000000596046448,156.0,136.4199981689453,44.5,2.390000104904175,64.12000274658203,16.459999084472656
119,2024-05-31,132.85499572753906,57.0099983215332,186.91000366210938,5.179999828338623,7.070000171661377,820.3400268554688,81.83000183105469,55.16999816894531,0.14000000059604645,148.72000122070312,136.39999389648438,42.9900016784668,2.0899999141693115,64.55999755859375,16.329999923706055
120,2024-06-03,132.19000244140625,55.91999816894531,196.4499969482422,5.0,7.059999942779541,831.260009765625,83.05000305175781,54.279998779296875,0.15000000596046448,154.8000030517578,133.6300048828125,42.31999969482422,1.649999976158142,63.790000915527344,15.960000038146973
121,2024-06-04,133.08200073242188,54.16999816894531,189.74000549316406,4.880000114440918,7.300000190734863,832.5900268554688,81.5199966430664,53.79999923706055,0.14000000059604645,156.8800048828125,134.47999572753906,40.689998626708984,1.9500000476837158,64.55000305175781,15.649999618530273
122,2024-06-05,141.3090057373047,57.869998931884766,184.72999572753906,4.989999771118164,7.300000190734863,831.760009765625,82.5199966430664,56.31999969482422,0.14000000059604645,130.47999572753906,135.08999633789062,42.83000183105469,1.7999999523162842,65.81999969482422,16.540000915527344
123,2024-06-06,140.1269989013672,57.15999984741211,183.50999450683594,4.869999885559082,7.300000190734863,837.2899780273438,81.66000366210938,55.810001373291016,0.14000000059604645,220.0,133.02000427246094,44.560001373291016,1.9500000476837158,68.9000015258789,16.3799991607666
124,2024-06-07,140.66400146484375,56.349998474121094,177.6300048828125,4.590000152587891,7.300000190734863,849.989990234375,79.9000015258789,55.650001525878906,0.14000000059604645,220.0,137.17999267578125,42.790000915527344,1.8799999952316284,69.30999755859375,16.729999542236328
125,2024-06-10,144.0469970703125,56.220001220703125,182.47999572753906,4.480000019073486,7.0,865.0,79.27999877929688,58.060001373291016,0.14000000059604645,235.61000061035156,144.6699981689453,41.72999954223633,1.9500000476837158,68.5999984741211,16.3700008392334
126,2024-06-11,146.10299682617188,55.970001220703125,189.5800018310547,4.849999904632568,7.0,865.8200073242188,81.06999969482422,58.91999816894531,0.14000000059604645,172.99000549316406,139.02999877929688,42.380001068115234,1.8899999856948853,69.58999633789062,16.5
127,2024-06-12,149.55099487304688,57.599998474121094,197.32000732421875,4.53000020980835,7.050000190734863,867.2999877929688,80.44999694824219,60.279998779296875,0.14000000059604645,179.30999755859375,141.8800048828125,46.38999938964844,1.9800000190734863,73.1500015258789,17.3799991607666
128,2024-06-13,167.8990020751953,57.040000915527344,200.44000244140625,4.210000038146973,7.0,883.3300170898438,80.08000183105469,60.529998779296875,0.14000000059604645,205.39999389648438,143.39999389648438,43.52000045776367,2.049999952316284,70.86000061035156,16.43000030517578
129,2024-06-14,173.50399780273438,55.790000915527344,192.6300048828125,4.690000057220459,6.849999904632568,878.4500122070312,79.26000213623047,59.25,0.12999999523162842,134.2100067138672,142.00999450683594,42.36000061035156,2.049999952316284,70.05999755859375,16.040000915527344
130,2024-06-17,182.88699340820312,55.88999938964844,195.41000366210938,4.690000057220459,6.849999904632568,885.010009765625,82.62999725341797,57.84000015258789,0.11999999731779099,122.08999633789062,143.0749969482422,41.97999954223633,1.9900000095367432,70.48999786376953,16.06999969482422
131,2024-06-18,180.2519989013672,57.31999969482422,213.72999572753906,4.670000076293945,6.449999809265137,891.4600219726562,81.12999725341797,57.97999954223633,0.11999999731779099,91.7699966430664,145.9600067138672,42.18000030517578,1.9900000095367432,70.33000183105469,15.600000381469727
132,2024-06-20,173.45599365234375,54.630001068115234,209.22999572753906,4.329999923706055,6.5,885.989990234375,81.4800033569336,56.70000076293945,0.10999999940395355,81.97000122070312,144.0,40.790000915527344,1.9900000095367432,70.30000305175781,15.449999809265137
133,2024-06-21,165.86300659179688,53.81999969482422,205.91000366210938,4.400000095367432,6.400000095367432,883.8800048828125,79.0999984741211,54.790000915527344,0.12999999523162842,86.51000213623047,139.0399932861328,39.779998779296875,1.9800000190734863,70.20999908447266,15.619999885559082
134,2024-06-24,159.2209930419922,52.79999923706055,204.19000244140625,4.21999979019165,6.449999809265137,890.1099853515625,78.94999694824219,51.83000183105469,0.11999999731779099,85.86000061035156,140.50999450683594,39.93000030517578,2.0799999237060547,70.54000091552734,15.960000038146973
135,2024-06-25,158.07899475097656,54.27000045776367,208.75999450683594,4.320000171661377,6.429999828338623,904.6099853515625,81.91000366210938,49.63999938964844,0.12999999523162842,79.8499984741211,145.97999572753906,39.56999969482422,2.069999933242798,71.37999725341797,16.40999984741211
136,2024-06-26,159.1999969482422,53.77000045776367,204.58999633789062,4.0,6.0,901.260009765625,78.5199966430664,46.59000015258789,0.11999999731779099,73.55000305175781,144.66000366210938,39.9900016784668,2.069999933242798,70.8499984741211,16.420000076293945
137,2024-06-27,158.66600036621094,54.380001068115234,218.0,4.28000020980835,6.0,909.0399780273438,81.30999755859375,49.130001068115234,0.12999999523162842,73.9800033569336,147.82000732421875,39.939998626708984,2.200000047683716,70.33999633789062,17.31999969482422
138,2024-06-28,160.55299377441406,53.849998474121094,210.72000122070312,3.5299999713897705,5.75,905.3800048828125,80.29000091552734,46.880001068115234,0.11999999731779099,71.76000213623047,150.6199951171875,41.59000015258789,2.190000057220459,72.68000030517578,17.649999618530273
139,2024-07-01,164.0800018310547,50.88999938964844,204.16000366210938,3.0299999713897705,6.25,914.3699951171875,80.0,46.119998931884766,0.11999999731779099,62.2599983215332,150.19000244140625,39.7400016784668,2.200000047683716,71.0999984741211,18.200000762939453
140,2024-07-02,165.7480010986328,47.439998626708984,204.22999572753906,3.0,6.119999885559082,906.7100219726562,78.5,45.31999969482422,0.11999999731779099,65.70999908447266,148.97000122070312,41.650001525878906,2.2799999713897705,70.66999816894531,17.440000534057617
141,2024-07-03,172.9219970703125,48.34000015258789,202.02000427246094,3.0299999713897705,6.25,898.0999755859375,79.55999755859375,47.369998931884766,0.12999999523162842,63.650001525878906,149.52999877929688,42.04999923706055,2.25,71.30000305175781,17.399999618530273
142,2024-07-05,170.33099365234375,46.54999923706055,200.24000549316406,3.2100000381469727,6.150000095367432,914.5700073242188,78.88999938964844,46.20000076293945,0.10999999940395355,61.0,152.35000610351562,41.16999816894531,2.5,71.05999755859375,17.399999618530273
143,2024-07-08,174.58599853515625,47.779998779296875,203.0800018310547,3.200000047683716,6.21999979019165,918.0,78.81999969482422,47.97999954223633,0.11999999731779099,49.09000015258789,149.1999969482422,41.61000061035156,2.7699999809265137,71.25,17.1200008392334
144,2024-07-09,173.33099365234375,46.9900016784668,206.4199981689453,3.319999933242798,6.25,932.5,77.69999694824219,48.31999969482422,0.11999999731779099,46.0,147.77999877929688,41.5099983215332,2.890000104904175,71.31999969482422,16.950000762939453
145,2024-07-10,174.468994140625,48.11000061035156,199.4600067138672,3.640000104904175,6.300000190734863,939.780029296875,106.18000030517578,48.52000045776367,0.11999999731779099,42.97999954223633,138.52999877929688,41.790000915527344,2.7100000381469727,69.2699966430664,16.610000610351562
146,2024-07-11,170.59500122070312,50.470001220703125,208.9199981689453,3.8499999046325684,6.150000095367432,934.1400146484375,123.62000274658203,51.220001220703125,0.12999999523162842,41.7400016784668,143.92999267578125,45.16999816894531,2.9800000190734863,73.52999877929688,17.25
147,2024-07-12,170.06700134277344,49.58000183105469,210.89999389648438,4.190000057220459,6.460000038146973,948.4000244140625,123.41999816894531,51.7599983215332,0.15000000596046448,49.5099983215332,142.19000244140625,46.630001068115234,3.4000000953674316,72.43000030517578,17.65999984741211
148,2024-07-15,171.4199981689453,50.5099983215332,194.19000244140625,4.25,6.5,950.4600219726562,123.19000244140625,47.77000045776367,0.15000000596046448,52.95000076293945,144.35000610351562,48.939998626708984,3.119999885559082,72.29000091552734,19.149999618530273
149,2024-07-16,169.3800048828125,52.27000045776367,189.02000427246094,4.150000095367432,6.489999771118164,941.5999755859375,118.30000305175781,48.09000015258789,0.14000000059604645,54.5,151.80999755859375,53.93000030517578,3.140000104904175,74.30000305175781,20.170000076293945
150,2024-07-17,155.97999572753906,50.90999984741211,170.6999969482422,4.210000038146973,6.489999771118164,905.5900268554688,121.61000061035156,47.15999984741211,0.1599999964237213,71.69999694824219,149.22999572753906,54.09000015258789,2.990000009536743,68.62000274658203,20.270000457763672
151,2024-07-18,160.52000427246094,50.23500061035156,170.94000244140625,3.890000104904175,7.289999961853027,848.9000244140625,115.73999786376953,47.369998931884766,0.15000000596046448,67.11000061035156,144.39999389648438,52.25,2.9800000190734863,66.26000213623047,20.280000686645508
152,2024-07-19,157.35000610351562,49.06999969482422,177.52000427246094,3.9000000953674316,7.230000019073486,857.469970703125,116.79000091552734,47.86000061035156,0.15000000596046448,58.61000061035156,147.1999969482422,52.5099983215332,2.9800000190734863,67.30999755859375,20.549999237060547
153,2024-07-22,161.05999755859375,51.40999984741211,169.57000732421875,3.809999942779541,7.289999961853027,865.969970703125,114.68000030517578,47.41999816894531,0.14000000059604645,60.099998474121094,149.1699981689453,54.5,2.8499999046325684,67.7300033569336,21.040000915527344
154,2024-07-23,163.77000427246094,52.939998626708984,177.42999267578125,4.079999923706055,7.199999809265137,878.2899780273438,115.5199966430664,47.13999938964844,0.15000000596046448,79.30000305175781,155.3800048828125,54.040000915527344,2.700000047683716,67.5199966430664,21.489999771118164
155,2024-07-24,151.33999633789062,49.59000015258789,174.50999450683594,4.190000057220459,7.150000095367432,859.8800048828125,113.66000366210938,46.810001373291016,0.15000000596046448,123.95999908447266,149.19000244140625,52.400001525878906,2.759999990463257,66.13999938964844,19.690000534057617
156,2024-07-25,149.25999450683594,49.790000915527344,170.35000610351562,4.159999847412109,7.070000171661377,821.1900024414062,112.94999694824219,46.349998474121094,0.15000000596046448,83.83000183105469,145.99000549316406,54.720001220703125,2.890000104904175,65.73999786376953,20.290000915527344
157,2024-07-26,151.6300048828125,51.869998931884766,182.82000732421875,4.760000228881836,6.900000095367432,804.6199951171875,112.70999908447266,47.279998779296875,0.15000000596046448,78.69000244140625,140.49000549316406,55.720001220703125,2.869999885559082,64.4000015258789,21.389999389648438
158,2024-07-29,150.22000122070312,51.61000061035156,172.57000732421875,4.019999980926514,7.25,807.7899780273438,111.58999633789062,46.880001068115234,0.15000000596046448,60.5,139.0,52.5,2.9000000953674316,63.7599983215332,20.90999984741211
159,2024-07-30,143.52000427246094,51.369998931884766,170.2899932861328,3.819999933242798,7.130000114440918,790.2100219726562,109.7699966430664,46.880001068115234,0.14000000059604645,12.050000190734863,138.42999267578125,52.599998474121094,2.809999942779541,63.09000015258789,20.979999542236328
160,2024-07-31,160.67999267578125,52.119998931884766,172.5800018310547,4.179999828338623,7.099999904632568,804.27001953125,104.83000183105469,49.13999938964844,0.14000000059604645,12.5,142.25999450683594,53.220001220703125,2.7899999618530273,64.47000122070312,21.420000076293945
161,2024-08-01,147.02000427246094,49.72999954223633,167.6199951171875,4.110000133514404,7.300000190734863,832.4400024414062,98.62000274658203,46.83000183105469,0.15000000596046448,12.350000381469727,151.50999450683594,46.290000915527344,2.6600000858306885,61.02000045776367,23.989999771118164
162,2024-08-02,143.82000732421875,46.58000183105469,165.9499969482422,4.0,7.300000190734863,804.4600219726562,97.58999633789062,41.97999954223633,0.15000000596046448,11.989999771118164,150.10000610351562,47.869998931884766,2.440000057220459,58.9900016784668,23.010000228881836
163,2024-08-05,142.0800018310547,47.130001068115234,175.64999389648438,3.950000047683716,7.269999980926514,775.260009765625,99.02999877929688,39.810001373291016,0.15000000596046448,11.449999809265137,148.4499969482422,46.52000045776367,2.2899999618530273,58.47999954223633,21.950000762939453
164,2024-08-06,143.9199981689453,48.4900016784668,183.74000549316406,3.7799999713897705,7.489999771118164,793.1799926757812,98.1500015258789,40.040000915527344,0.17000000178813934,11.369999885559082,156.10000610351562,46.220001220703125,2.369999885559082,64.87000274658203,23.09000015258789
165,2024-08-07,136.27000427246094,48.45000076293945,181.75,3.799999952316284,7.510000228881836,772.1400146484375,96.0999984741211,39.83000183105469,0.10999999940395355,10.989999771118164,145.85000610351562,43.380001068115234,2.3299999237060547,65.54000091552734,22.549999237060547
166,2024-08-08,145.74000549316406,48.58000183105469,187.9499969482422,2.5299999713897705,7.510000228881836,845.3099975585938,97.26000213623047,40.189998626708984,0.15000000596046448,11.149999618530273,161.85000610351562,45.130001068115234,2.369999885559082,69.01000213623047,23.530000686645508
167,2024-08-09,148.25999450683594,49.04999923706055,160.8300018310547,2.450000047683716,7.550000190734863,891.6799926757812,97.33000183105469,39.779998779296875,0.17000000178813934,11.15999984741211,162.88999938964844,43.150001525878906,2.440000057220459,68.54000091552734,23.65999984741211
168,2024-08-12,148.6199951171875,47.52000045776367,143.6300048828125,2.109999895095825,7.519999980926514,884.3800048828125,96.66000366210938,38.97999954223633,0.17000000178813934,10.760000228881836,163.02999877929688,43.2599983215332,2.240000009536743,69.26000213623047,23.010000228881836
169,2024-08-13,156.16000366210938,47.970001220703125,148.63999938964844,2.5,7.550000190734863,908.0499877929688,97.51000213623047,39.11000061035156,0.17000000178813934,10.949999809265137,161.99000549316406,45.630001068115234,2.559999942779541,71.05999755859375,23.809999465942383
170,2024-08-14,157.69000244140625,47.029998779296875,145.42999267578125,2.5399999618530273,7.550000190734863,931.6799926757812,94.91000366210938,38.2599983215332,0.1599999964237213,10.75,163.0800018310547,45.880001068115234,2.75,71.93000030517578,23.719999313354492
171,2024-08-15,166.1300048828125,48.95000076293945,155.5399932861328,2.4000000953674316,7.75,931.5800170898438,95.0999984741211,38.900001525878906,0.1599999964237213,11.350000381469727,169.9499969482422,49.83000183105469,3.25,72.7300033569336,24.31999969482422
172,2024-08-16,165.72000122070312,47.95000076293945,159.1999969482422,2.369999885559082,7.510000228881836,922.1199951171875,94.91000366210938,38.939998626708984,0.17000000178813934,12.619999885559082,170.27999877929688,50.220001220703125,3.799999952316284,72.04000091552734,24.670000076293945
173,2024-08-19,167.7100067138672,47.869998931884766,160.08999633789062,2.450000047683716,7.550000190734863,921.8099975585938,97.86000061035156,40.279998779296875,0.1599999964237213,12.260000228881836,167.06500244140625,54.79999923706055,4.349999904632568,74.18000030517578,24.239999771118164
174,2024-08-20,165.9499969482422,46.68000030517578,161.3300018310547,2.7799999713897705,7.539999961853027,949.969970703125,98.44000244140625,39.599998474121094,0.1599999964237213,12.399999618530273,166.17999267578125,51.790000915527344,4.550000190734863,73.30999755859375,24.440000534057617
175,2024-08-21,165.77999877929688,46.95000076293945,170.11000061035156,2.680000066757202,7.639999866485596,951.969970703125,101.22000122070312,40.08000183105469,0.1599999964237213,13.510000228881836,172.9499969482422,52.20000076293945,4.539999961853027,73.4800033569336,23.799999237060547
176,2024-08-22,162.33999633789062,46.494998931884766,170.44000244140625,2.5199999809265137,7.519999980926514,954.1699829101562,102.2300033569336,39.439998626708984,0.1599999964237213,14.0,173.33999633789062,51.90999984741211,4.170000076293945,73.30999755859375,23.670000076293945
177,2024-08-23,166.36000061035156,48.959999084472656,170.9499969482422,2.4600000381469727,7.619999885559082,952.739990234375,107.16000366210938,42.11000061035156,0.1599999964237213,13.899999618530273,175.66000366210938,57.310001373291016,4.460000038146973,74.30000305175781,24.989999771118164
178,2024-08-26,159.6199951171875,49.599998474121094,156.08999633789062,2.4700000286102295,7.579999923706055,950.530029296875,107.30999755859375,42.209999084472656,0.15000000596046448,14.760000228881836,170.1699981689453,59.34000015258789,4.599999904632568,72.61000061035156,25.09000015258789
179,2024-08-27,161.38999938964844,48.08000183105469,151.27999877929688,2.5999999046325684,7.579999923706055,954.47998046875,109.1500015258789,41.130001068115234,0.15000000596046448,14.859999656677246,176.11000061035156,60.41999816894531,4.929999828338623,72.55999755859375,25.479999542236328
180,2024-08-28,158.17999267578125,49.689998626708984,153.32000732421875,2.450000047683716,7.659999847412109,948.9400024414062,109.70999908447266,40.2400016784668,0.15000000596046448,14.069999694824219,169.0,56.43000030517578,5.190000057220459,71.8499984741211,25.18000030517578
181,2024-08-29,156.92999267578125,52.540000915527344,150.07000732421875,2.5,8.020000457763672,940.2000122070312,104.80999755859375,40.56999969482422,0.15000000596046448,13.449999809265137,166.64999389648438,57.689998626708984,4.909999847412109,72.23999786376953,25.950000762939453
182,2024-08-30,162.82000732421875,51.18000030517578,149.7899932861328,2.369999885559082,8.020000457763672,960.02001953125,106.47000122070312,40.66999816894531,0.14000000059604645,13.8100004196167,168.05999755859375,57.93000030517578,4.789999961853027,73.12999725341797,26.40999984741211
183,2024-09-03,152.7899932861328,48.47999954223633,140.22999572753906,2.1500000953674316,9.489999771118164,956.530029296875,105.43000030517578,37.22999954223633,0.15000000596046448,13.289999961853027,159.3800048828125,55.189998626708984,5.039999961853027,71.88999938964844,25.56999969482422
184,2024-09-04,154.1199951171875,48.720001220703125,137.32000732421875,2.2699999809265137,9.380000114440918,946.3099975585938,106.36000061035156,37.459999084472656,0.15000000596046448,12.869999885559082,150.97999572753906,54.849998474121094,5.050000190734863,71.55999755859375,24.8799991607666
185,2024-09-05,152.82000732421875,48.75,135.69000244140625,2.1700000762939453,9.199999809265137,912.75,105.33999633789062,36.040000915527344,0.1599999964237213,13.710000038146973,143.38499450683594,53.0,4.929999828338623,71.25,26.850000381469727
186,2024-09-06,137.0,46.31999969482422,122.5999984741211,2.049999952316284,8.630000114440918,902.7100219726562,101.9800033569336,34.599998474121094,0.3400000035762787,14.300000190734863,139.8800048828125,51.790000915527344,4.829999923706055,69.58000183105469,25.059999465942383
187,2024-09-09,140.82000732421875,45.869998931884766,113.9800033569336,2.130000114440918,8.630000114440918,908.27001953125,100.5999984741211,33.790000915527344,0.3199999928474426,14.880000114440918,139.30999755859375,53.290000915527344,5.0,69.80000305175781,25.709999084472656
188,2024-09-10,148.2100067138672,45.150001525878906,110.45999908447266,2.25,8.649999618530273,901.25,99.08000183105469,33.08000183105469,0.3499999940395355,15.199999809265137,135.67999267578125,51.63999938964844,4.869999885559082,68.98999786376953,24.979999542236328
189,2024-09-11,158.27000427246094,47.88999938964844,114.08000183105469,4.590000152587891,8.649999618530273,920.8900146484375,101.94999694824219,35.790000915527344,0.3400000035762787,15.479999542236328,143.80999755859375,53.38999938964844,4.829999923706055,70.11000061035156,26.190000534057617
190,2024-09-12,164.55999755859375,49.34000015258789,114.66999816894531,3.549999952316284,8.649999618530273,935.02001953125,104.02999877929688,35.83000183105469,0.3400000035762787,14.949999809265137,149.13999938964844,54.41999816894531,4.900000095367432,68.08999633789062,26.969999313354492
191,2024-09-13,167.69000244140625,50.220001220703125,116.62999725341797,3.75,8.630000114440918,923.7100219726562,105.55000305175781,37.66999816894531,0.4000000059604645,14.699999809265137,151.4199981689453,57.27000045776367,5.159999847412109,72.4800033569336,27.520000457763672
192,2024-09-16,164.02000427246094,50.189998626708984,113.19000244140625,4.559999942779541,8.989999771118164,923.5399780273438,107.51000213623047,37.02000045776367,0.4399999976158142,13.75,151.2100067138672,57.63999938964844,5.300000190734863,71.5199966430664,27.229999542236328
193,2024-09-17,162.47000122070312,50.154998779296875,112.43000030517578,5.489999771118164,8.800000190734863,906.1799926757812,105.54000091552734,37.34000015258789,0.4000000059604645,14.539999961853027,156.0800018310547,58.369998931884766,5.449999809265137,72.77999877929688,27.440000534057617
194,2024-09-18,161.6699981689453,51.130001068115234,114.6500015258789,4.940000057220459,8.800000190734863,904.969970703125,108.13999938964844,36.84000015258789,0.4099999964237213,14.649999618530273,155.9600067138672,58.13999938964844,5.559999942779541,73.5,27.579999923706055
195,2024-09-19,167.4199981689453,53.31999969482422,114.58999633789062,5.269999980926514,8.800000190734863,915.0399780273438,108.55999755859375,36.459999084472656,0.38999998569488525,14.869999885559082,165.97999572753906,59.84000015258789,5.920000076293945,75.27999877929688,28.399999618530273
196,2024-09-20,171.10000610351562,54.5099983215332,112.91000366210938,4.909999847412109,8.960000038146973,921.489990234375,110.05000305175781,36.65999984741211,0.4000000059604645,15.079999923706055,165.0,60.099998474121094,6.0,73.94000244140625,28.940000534057617
197,2024-09-23,172.94000244140625,53.5099983215332,111.83000183105469,5.489999771118164,8.800000190734863,918.52001953125,111.36000061035156,36.849998474121094,0.4000000059604645,15.529999732971191,159.5,58.20000076293945,6.739999771118164,74.70999908447266,29.43000030517578
198,2024-09-24,174.83999633789062,52.900001525878906,111.41999816894531,5.429999828338623,8.510000228881836,924.4299926757812,111.76000213623047,36.72999954223633,0.4399999976158142,15.720000267028809,156.0,57.97999954223633,6.639999866485596,77.44000244140625,30.239999771118164
199,2024-09-25,175.52000427246094,52.70000076293945,109.58999633789062,5.260000228881836,8.510000228881836,924.5599975585938,107.94999694824219,36.40999984741211,0.4399999976158142,15.100000381469727,148.27999877929688,56.02000045776367,6.96999979019165,77.13999938964844,29.6299991607666
200,2024-09-26,178.08999633789062,51.029998779296875,111.37000274658203,5.5,8.510000228881836,909.3200073242188,104.43000030517578,37.560001373291016,0.44999998807907104,15.199999809265137,144.55999755859375,55.880001068115234,7.079999923706055,76.69000244140625,29.75
201,2024-09-27,172.69000244140625,48.45000076293945,112.55999755859375,6.449999809265137,8.239999771118164,877.7899780273438,107.36000061035156,38.900001525878906,0.4399999976158142,15.729999542236328,159.13999938964844,56.41999816894531,7.150000095367432,75.75,29.510000228881836
202,2024-09-30,172.5,47.959999084472656,109.02999877929688,6.809999942779541,8.069999694824219,885.9400024414062,109.75,37.47999954223633,0.44999998807907104,15.770000457763672,157.0,58.029998779296875,7.130000114440918,75.16000366210938,29.829999923706055
203,2024-10-01,167.47000122070312,46.099998474121094,105.97000122070312,5.869999885559082,8.050000190734863,884.47998046875,105.83999633789062,38.029998779296875,0.4300000071525574,14.640000343322754,144.82000732421875,57.56999969482422,6.579999923706055,74.23999786376953,29.65999984741211
204,2024-10-02,170.66000366210938,45.9900016784668,105.62000274658203,5.21999979019165,8.050000190734863,891.0700073242188,105.18000030517578,36.119998931884766,0.38999998569488525,14.350000381469727,143.6199951171875,57.38999938964844,6.480000019073486,72.87000274658203,29.799999237060547
205,2024-10-03,171.88999938964844,42.72999954223633,105.18000030517578,5.199999809265137,8.050000190734863,885.5499877929688,106.55999755859375,36.36000061035156,0.38999998569488525,13.949999809265137,143.8000030517578,55.2599983215332,6.300000190734863,72.94000244140625,29.8799991607666
206,2024-10-04,176.63999938964844,42.939998626708984,105.88999938964844,5.260000228881836,8.050000190734863,887.1599731445312,107.78500366210938,36.59000015258789,0.36000001430511475,13.979999542236328,138.97000122070312,55.56999969482422,5.829999923706055,74.27999877929688,31.040000915527344
207,2024-10-07,175.0800018310547,42.02000045776367,101.51000213623047,4.849999904632568,8.050000190734863,898.4000244140625,106.5999984741211,35.970001220703125,0.38999998569488525,13.670000076293945,134.11000061035156,54.90999984741211,5.699999809265137,74.58999633789062,30.3799991607666
208,2024-10-08,180.72999572753906,41.279998779296875,104.01000213623047,4.539999961853027,8.050000190734863,913.719970703125,108.0999984741211,35.130001068115234,0.41999998688697815,14.770000457763672,138.1199951171875,54.72999954223633,6.599999904632568,76.16999816894531,31.84000015258789
209,2024-10-09,185.9499969482422,43.09000015258789,105.41000366210938,4.630000114440918,8.050000190734863,919.739990234375,109.2699966430664,35.2400016784668,0.4000000059604645,14.760000228881836,137.17999267578125,56.279998779296875,6.5,77.87000274658203,33.130001068115234
210,2024-10-10,185.69000244140625,43.119998931884766,107.45999908447266,4.53000020980835,8.039999961853027,910.6900024414062,108.16999816894531,33.959999084472656,0.4099999964237213,14.970000267028809,135.89999389648438,57.029998779296875,6.400000095367432,77.91999816894531,31.299999237060547
211,2024-10-11,181.47999572753906,44.150001525878906,109.72000122070312,4.5,7.670000076293945,932.0599975585938,112.19000244140625,35.63999938964844,0.4099999964237213,15.59000015258789,135.19000244140625,60.2400016784668,6.449999809265137,86.33999633789062,31.670000076293945
212,2024-10-14,182.30999755859375,44.95000076293945,115.43000030517578,4.820000171661377,7.769999980926514,929.510009765625,110.72000122070312,35.22999954223633,0.41999998688697815,15.949999809265137,134.23500061035156,60.779998779296875,6.039999961853027,84.94000244140625,31.059999465942383
213,2024-10-15,175.97999572753906,44.880001068115234,109.94000244140625,5.150000095367432,7.809999942779541,913.3200073242188,111.95999908447266,34.20000076293945,0.41999998688697815,15.34000015258789,131.83999633789062,60.09000015258789,5.889999866485596,83.19999694824219,32.150001525878906
214,2024-10-16,176.82000732421875,45.68000030517578,107.08000183105469,5.340000152587891,7.559999942779541,916.4199829101562,112.5,35.040000915527344,0.49000000953674316,15.40999984741211,129.97000122070312,61.9900016784668,6.110000133514404,81.9000015258789,30.940000534057617
215,2024-10-17,181.52999877929688,45.380001068115234,107.94000244140625,5.329999923706055,7.5,917.1199951171875,115.6500015258789,33.56999969482422,0.5099999904632568,15.420000076293945,127.1500015258789,59.869998931884766,6.0,79.9000015258789,30.0
216,2024-10-18,179.88999938964844,45.41999816894531,108.19999694824219,5.889999866485596,7.550000190734863,917.969970703125,116.69000244140625,33.52000045776367,0.5,15.399999618530273,126.5999984741211,60.119998931884766,6.0,79.16000366210938,27.899999618530273
217,2024-10-21,179.99000549316406,44.349998474121094,112.51000213623047,6.599999904632568,7.550000190734863,906.1300048828125,112.08000183105469,32.599998474121094,0.550000011920929,15.430000305175781,124.4800033569336,56.70000076293945,6.369999885559082,80.45999908447266,26.889999389648438
218,2024-10-22,179.3800048828125,43.369998931884766,106.62999725341797,6.329999923706055,7.599999904632568,909.1500244140625,112.62999725341797,32.04499816894531,0.6899999976158142,15.25,122.94000244140625,56.0,6.289999961853027,80.41000366210938,26.399999618530273
219,2024-10-23,173.50999450683594,41.875,105.56999969482422,6.559999942779541,7.550000190734863,903.25,110.63999938964844,31.420000076293945,0.75,15.050000190734863,118.66000366210938,52.16999816894531,6.0,79.83000183105469,26.079999923706055
220,2024-10-24,171.35000610351562,41.15999984741211,107.19999694824219,7.059999942779541,7.650000095367432,891.3200073242188,109.80999755859375,31.290000915527344,0.800000011920929,14.880000114440918,122.0,53.7400016784668,6.869999885559082,78.37999725341797,26.1299991607666
221,2024-10-25,173.0,42.43000030517578,110.37999725341797,6.610000133514404,7.699999809265137,892.7000122070312,110.30000305175781,31.459999084472656,0.8999999761581421,15.09000015258789,125.16999816894531,53.369998931884766,7.130000114440918,77.62000274658203,26.760000228881836
222,2024-10-28,172.02000427246094,42.459999084472656,110.05999755859375,6.360000133514404,7.900000095367432,895.5900268554688,110.0999984741211,32.560001373291016,1.0299999713897705,15.5,126.23999786376953,52.959999084472656,7.400000095367432,77.69000244140625,27.049999237060547
223,2024-10-29,179.24000549316406,43.189998626708984,113.2699966430664,5.900000095367432,8.0,903.5800170898438,110.08999633789062,32.33000183105469,1.0800000429153442,15.34000015258789,88.5,52.7599983215332,7.46999979019165,79.20999908447266,28.280000686645508
224,2024-10-30,176.63999938964844,42.88999938964844,109.22000122070312,5.349999904632568,8.890000343322754,846.8300170898438,109.37999725341797,31.969999313354492,0.8799999952316284,15.069999694824219,81.91999816894531,58.040000915527344,7.840000152587891,79.43000030517578,29.209999084472656
225,2024-10-31,169.77000427246094,42.11000061035156,105.25,5.28000020980835,8.3100004196167,829.739990234375,109.83999633789062,39.81999969482422,0.8299999833106995,15.220000267028809,81.97000122070312,57.029998779296875,7.800000190734863,72.05000305175781,27.68000030517578
226,2024-11-01,168.9199981689453,42.06999969482422,103.12000274658203,5.630000114440918,8.399999618530273,818.9299926757812,107.9800033569336,39.61000061035156,0.7099999785423279,15.25,82.4000015258789,45.150001525878906,7.900000095367432,73.25,27.889999389648438
227,2024-11-04,168.5500030517578,43.540000915527344,103.88999938964844,5.559999942779541,8.25,806.1400146484375,115.44999694824219,41.959999084472656,0.7599999904632568,15.210000038146973,84.97000122070312,45.9900016784668,8.479999542236328,73.25,27.420000076293945
228,2024-11-05,173.89999389648438,43.31999969482422,107.12999725341797,5.800000190734863,8.0,806.0599975585938,114.95999908447266,44.09000015258789,0.9100000262260437,15.390000343322754,83.0,47.099998474121094,8.479999542236328,74.1500015258789,29.020000457763672
229,2024-11-06,179.5500030517578,41.70000076293945,104.16000366210938,5.340000152587891,7.909999847412109,776.3800048828125,91.16999816894531,41.630001068115234,0.9599999785423279,15.25,86.3499984741211,48.790000915527344,8.65999984741211,74.36000061035156,31.8700008392334
230,2024-11-07,183.80999755859375,41.290000915527344,116.06999969482422,5.039999961853027,8.470000267028809,797.4500122070312,88.31500244140625,41.349998474121094,0.9800000190734863,15.649999618530273,85.5,48.20000076293945,8.649999618530273,73.12999725341797,34.2400016784668
231,2024-11-08,183.63999938964844,41.540000915527344,120.19999694824219,4.869999885559082,7.96999979019165,831.5399780273438,87.5,40.13999938964844,0.8899999856948853,16.049999237060547,85.9800033569336,47.41999816894531,9.0,72.04000091552734,35.58000183105469
232,2024-11-11,178.91000366210938,41.720001220703125,134.14999389648438,5.210000038146973,7.900000095367432,832.4400024414062,84.08000183105469,39.58000183105469,0.8299999833106995,16.139999389648438,89.11000061035156,52.2400016784668,8.979999542236328,71.6500015258789,36.7400016784668
233,2024-11-12,176.22000122070312,40.68000030517578,131.3300018310547,4.550000190734863,7.909999847412109,818.8599853515625,85.1500015258789,38.18000030517578,0.9200000166893005,16.219999313354492,91.41000366210938,54.0099983215332,9.270000457763672,71.37000274658203,28.219999313354492
234,2024-11-13,173.5800018310547,41.470001220703125,122.95999908447266,4.429999828338623,7.550000190734863,811.8099975585938,79.76000213623047,37.29999923706055,0.8600000143051147,15.260000228881836,92.7300033569336,49.81999969482422,11.319999694824219,71.16000366210938,17.760000228881836
235,2024-11-14,170.3800048828125,38.349998474121094,123.11000061035156,4.400000095367432,7.400000095367432,786.22998046875,80.83999633789062,39.7599983215332,0.8700000047683716,15.229999542236328,88.36000061035156,48.45000076293945,11.979999542236328,71.44000244140625,17.3700008392334
236,2024-11-15,164.83999633789062,36.369998931884766,121.33000183105469,4.21999979019165,7.210000038146973,746.2000122070312,76.83000183105469,36.79999923706055,0.8399999737739563,15.399999618530273,80.4800033569336,44.34000015258789,9.0600004196167,73.25,17.579999923706055
237,2024-11-18,165.6699981689453,37.58000183105469,122.66000366210938,4.03000020980835,7.150000095367432,727.2000122070312,76.22000122070312,37.43000030517578,0.8399999737739563,15.5,80.93000030517578,43.43000030517578,7.420000076293945,69.33000183105469,19.579999923706055
238,2024-11-19,165.35000610351562,37.65999984741211,121.70999908447266,4.0,7.309999942779541,729.72998046875,79.43000030517578,36.400001525878906,0.7900000214576721,15.899999618530273,82.91999816894531,42.939998626708984,8.029999732971191,69.12999725341797,22.020000457763672
239,2024-11-20,163.25,39.29999923706055,119.0,4.0,6.929999828338623,753.4099731445312,86.44999694824219,37.59000015258789,0.7300000190734863,15.989999771118164,77.19999694824219,42.9900016784668,7.53000020980835,69.5999984741211,23.110000610351562
240,2024-11-21,163.94000244140625,40.08000183105469,122.47000122070312,4.130000114440918,7.099999904632568,749.9199829101562,87.31999969482422,37.400001525878906,0.75,16.639999389648438,79.33999633789062,43.650001525878906,7.309999942779541,69.63999938964844,21.719999313354492
241,2024-11-22,164.22999572753906,41.18000030517578,126.41999816894531,4.039999961853027,7.730000019073486,748.010009765625,90.5199966430664,38.849998474121094,0.9100000262260437,17.040000915527344,76.04000091552734,43.9900016784668,7.389999866485596,71.51000213623047,22.3799991607666
242,2024-11-25,164.82000732421875,42.83000183105469,129.92999267578125,3.799999952316284,7.510000228881836,755.0,90.95999908447266,40.400001525878906,0.9200000166893005,17.459999084472656,78.58000183105469,45.959999084472656,8.100000381469727,73.41999816894531,21.270000457763672
243,2024-11-26,164.74000549316406,40.689998626708984,124.29000091552734,3.5999999046325684,7.519999980926514,789.3200073242188,89.52999877929688,38.869998931884766,0.9100000262260437,17.989999771118164,80.61000061035156,43.70000076293945,9.4399995803833,71.55999755859375,20.040000915527344
244,2024-11-27,159.6699981689453,40.59000015258789,127.1500015258789,3.2699999809265137,7.599999904632568,788.1900024414062,90.2699966430664,39.709999084472656,0.9200000166893005,16.780000686645508,87.11000061035156,43.849998474121094,9.699999809265137,71.62000274658203,20.200000762939453
245,2024-11-29,162.0800018310547,40.650001525878906,129.52000427246094,3.1500000953674316,7.619999885559082,795.3499755859375,89.2699966430664,38.15999984741211,0.949999988079071,16.639999389648438,86.70999908447266,44.209999084472656,10.1899995803833,71.95999908447266,21.299999237060547
246,2024-12-02,166.50999450683594,42.43000030517578,130.7100067138672,3.430000066757202,7.619999885559082,799.7999877929688,89.58000183105469,39.88999938964844,1.0199999809265137,17.31999969482422,85.13999938964844,40.90999984741211,11.010000228881836,73.06999969482422,24.010000228881836
247,2024-12-03,168.14999389648438,41.720001220703125,127.41000366210938,3.240000009536743,7.619999885559082,813.3300170898438,88.51000213623047,39.13999938964844,1.0,17.149999618530273,71.44000244140625,39.869998931884766,10.8100004196167,71.2699966430664,23.93000030517578
248,2024-12-04,170.55999755859375,41.25,136.39999389648438,3.0299999713897705,7.599999904632568,829.8400268554688,88.83999633789062,38.22999954223633,0.9900000095367432,17.440000534057617,72.20999908447266,38.56999969482422,9.25,72.16000366210938,26.309999465942383
249,2024-12-05,170.47000122070312,40.779998779296875,131.22999572753906,2.8399999141693115,7.599999904632568,825.6199951171875,89.33999633789062,36.41999816894531,1.0099999904632568,17.100000381469727,66.25,38.31999969482422,9.960000038146973,65.2300033569336,25.790000915527344
250,2024-12-06,179.52999877929688,40.060001373291016,139.60000610351562,3.190000057220459,7.619999885559082,826.7100219726562,89.0199966430664,36.290000915527344,0.9900000095367432,17.389999389648438,68.26000213623047,39.18000030517578,9.899999618530273,66.08999633789062,26.18000030517578
251,2024-12-09,178.94000244140625,38.970001220703125,140.4600067138672,3.369999885559082,7.5,803.5800170898438,92.58000183105469,38.349998474121094,0.9599999785423279,16.15999984741211,69.83999633789062,41.11000061035156,9.600000381469727,65.73999786376953,22.969999313354492
252,2024-12-10,171.80999755859375,40.0099983215332,137.60000610351562,3.7799999713897705,7.300000190734863,799.5800170898438,90.9800033569336,36.95000076293945,0.9100000262260437,16.299999237060547,68.98999786376953,41.33000183105469,9.149999618530273,64.95999908447266,21.459999084472656
253,2024-12-11,183.1999969482422,41.349998474121094,138.47000122070312,3.4800000190734863,7.260000228881836,796.030029296875,91.4000015258789,36.630001068115234,0.949999988079071,16.399999618530273,67.36000061035156,43.779998779296875,9.260000228881836,61.18000030517578,21.530000686645508
254,2024-12-12,180.66000366210938,42.150001525878906,131.50999450683594,3.200000047683716,7.21999979019165,782.3499755859375,91.91000366210938,35.209999084472656,0.9399999976158142,15.989999771118164,65.70999908447266,40.869998931884766,9.40999984741211,61.40999984741211,21.729999542236328
255,2024-12-13,224.8000030517578,43.709999084472656,140.6300048828125,3.0199999809265137,7.199999809265137,789.1199951171875,93.0199966430664,35.470001220703125,0.8799999952316284,16.139999389648438,64.26000213623047,39.79999923706055,8.90999984741211,59.93000030517578,22.31999969482422
256,2024-12-16,250.0,44.380001068115234,140.27000427246094,3.3399999141693115,7.5,779.0,93.4800033569336,35.540000915527344,0.8500000238418579,16.959999084472656,64.22000122070312,40.119998931884766,9.59000015258789,60.25,21.530000686645508
257,2024-12-17,240.22999572753906,44.369998931884766,134.88999938964844,3.2899999618530273,7.199999809265137,778.6199951171875,92.66000366210938,35.720001220703125,0.8500000238418579,16.280000686645508,65.70500183105469,40.459999084472656,9.34000015258789,61.029998779296875,20.34000015258789
258,2024-12-18,223.6199951171875,42.75,127.19999694824219,3.009999990463257,7.179999828338623,764.7100219726562,91.1500015258789,34.9900016784668,0.8799999952316284,15.989999771118164,60.880001068115234,39.09000015258789,9.470000267028809,61.22999954223633,19.34000015258789
259,2024-12-19,218.32000732421875,40.72999954223633,129.08999633789062,3.0,7.110000133514404,757.5399780273438,91.94000244140625,33.84000015258789,0.8899999856948853,16.1200008392334,60.529998779296875,39.150001525878906,10.130000114440918,60.209999084472656,19.06999969482422
260,2024-12-20,220.7899932861328,39.369998931884766,128.66000366210938,3.109999895095825,7.110000133514404,767.760009765625,89.28500366210938,35.150001525878906,0.8600000143051147,15.4399995803833,61.70000076293945,39.61000061035156,10.0600004196167,60.72999954223633,19.399999618530273
261,2024-12-23,232.35000610351562,39.13999938964844,128.9499969482422,3.140000104904175,7.059999942779541,796.280029296875,91.01000213623047,36.400001525878906,0.8799999952316284,15.130000114440918,62.650001525878906,38.27000045776367,10.119999885559082,61.869998931884766,18.729999542236328
262,2024-12-24,239.67999267578125,38.849998474121094,131.91000366210938,3.569999933242798,7.190000057220459,795.6699829101562,91.30000305175781,36.7400016784668,0.8700000047683716,15.680000305175781,63.900001525878906,38.439998626708984,10.779999732971191,61.709999084472656,18.739999771118164
263,2024-12-26,245.36000061035156,40.02000045776367,130.89999389648438,4.199999809265137,7.0,794.1400146484375,93.25,36.970001220703125,0.8500000238418579,15.880000114440918,62.599998474121094,40.290000915527344,12.1899995803833,61.560001373291016,18.969999313354492
264,2024-12-27,241.75,39.439998626708984,127.76000213623047,5.300000190734863,7.150000095367432,783.1699829101562,92.06999969482422,37.22999954223633,0.8500000238418579,15.5600004196167,61.02000045776367,39.25,11.970000267028809,61.130001068115234,17.670000076293945
265,2024-12-30,235.5800018310547,38.65999984741211,127.11000061035156,5.53000020980835,7.0,773.8400268554688,89.12999725341797,36.970001220703125,0.8799999952316284,15.34000015258789,59.279998779296875,38.7599983215332,11.859999656677246,60.77000045776367,18.059999465942383
266,2024-12-31,231.83999633789062,38.630001068115234,125.55000305175781,5.510000228881836,7.0,772.0,89.45999908447266,36.529998779296875,0.8799999952316284,15.899999618530273,62.349998474121094,38.75,11.859999656677246,60.31999969482422,17.989999771118164
267,2025-01-02,231.97999572753906,38.650001525878906,122.98999786376953,5.699999809265137,7.0,778.0700073242188,88.80000305175781,39.5,0.8600000143051147,15.369999885559082,66.5,38.84000015258789,13.670000076293945,63.16999816894531,18.739999771118164
268,2025-01-03,232.5500030517578,41.77000045776367,125.38999938964844,6.059999942779541,7.0,781.97998046875,91.20999908447266,39.630001068115234,0.9100000262260437,15.949999809265137,69.08999633789062,39.9900016784668,13.739999771118164,64.58999633789062,18.610000610351562
269,2025-01-06,236.41000366210938,42.38999938964844,125.7300033569336,5.730000019073486,7.039999961853027,765.0999755859375,93.81999969482422,40.709999084472656,0.9100000262260437,16.100000381469727,75.62999725341797,39.869998931884766,13.5600004196167,66.30999755859375,18.979999542236328
270,2025-01-07,228.63999938964844,40.279998779296875,127.73999786376953,5.449999809265137,7.050000190734863,773.2899780273438,96.91999816894531,43.91999816894531,0.8999999761581421,15.880000114440918,78.66999816894531,39.380001068115234,12.609999656677246,66.1500015258789,18.18000030517578
271,2025-01-08,229.30999755859375,40.290000915527344,127.5999984741211,4.840000152587891,7.050000190734863,787.219970703125,94.0,42.529998779296875,0.8500000238418579,15.279999732971191,72.55000305175781,38.86000061035156,11.789999961853027,64.91000366210938,18.479999542236328
272,2025-01-10,224.30999755859375,41.72999954223633,124.88999938964844,4.75,7.170000076293945,799.9000244140625,95.87999725341797,41.099998474121094,0.8899999856948853,15.649999618530273,68.80999755859375,36.27000045776367,11.15999984741211,65.97000122070312,17.329999923706055
273,2025-01-13,225.2899932861328,40.29999923706055,132.1199951171875,4.159999847412109,7.170000076293945,797.47998046875,94.6500015258789,40.849998474121094,0.8399999737739563,15.359999656677246,64.05000305175781,36.77000045776367,11.34000015258789,65.69999694824219,17.170000076293945
274,2025-01-14,224.6999969482422,41.45000076293945,131.47999572753906,4.119999885559082,7.119999885559082,744.9099731445312,92.62000274658203,42.349998474121094,0.8399999737739563,15.369999885559082,62.540000915527344,36.560001373291016,10.880000114440918,64.83999633789062,17.200000762939453
275,2025-01-15,228.0,42.25,128.41000366210938,4.050000190734863,7.170000076293945,746.739990234375,93.43000030517578,42.72999954223633,0.8299999833106995,15.020000457763672,60.439998626708984,38.52000045776367,11.460000038146973,67.0199966430664,17.889999389648438
276,2025-01-16,229.41000366210938,42.349998474121094,133.91000366210938,4.139999866485596,7.0,757.5999755859375,91.58000183105469,45.27000045776367,0.8299999833106995,13.710000038146973,58.02000045776367,40.290000915527344,11.789999961853027,68.58000183105469,18.809999465942383
277,2025-01-17,237.44000244140625,40.959999084472656,126.94999694824219,4.099999904632568,7.010000228881836,725.719970703125,91.47000122070312,44.189998626708984,0.8500000238418579,13.989999771118164,57.20000076293945,40.63999938964844,12.010000228881836,67.33999633789062,18.579999923706055
278,2025-01-21,240.30999755859375,42.060001373291016,118.48999786376953,3.7300000190734863,7.050000190734863,742.3499755859375,94.05000305175781,42.47999954223633,0.8799999952316284,13.680000305175781,56.72999954223633,44.4900016784668,13.199999809265137,67.73999786376953,19.020000457763672
